clusterName	variant	term	estimate	std.error	statistic	p.value	p.adj_bonferroni	significant
Bifidobacteria	chr4_89587189_T_G	(Intercept)	-0.03481290010159991	0.02083733819157952	-1.6706980412530805	0.09757355499068392	1	FALSE
Bifidobacteria	chr4_89587189_T_G	Age_at_collection	4.7832682317037166e-4	2.87067059558764e-4	1.6662546511103822	0.09845713803774422	1	FALSE
Bifidobacteria	chr4_89587189_T_G	seqs_scaled	-0.003004202969832955	0.002268350576216692	-1.3243997648915307	0.18806655925247	1	FALSE
Bifidobacteria	chr4_89587189_T_G	stool_travel_time	6.570013238268024e-4	0.0016759956832804958	0.39200657279786455	0.6957982837037966	1	FALSE
Bifidobacteria	chr4_89587189_T_G	dosage	0.014824808478833275	0.004644566606965642	3.1918604540195243	0.0018348767635505581	0.06605556348782009	TRUE
Bifidobacteria	chr4_89685975_C_G	(Intercept)	-0.022192011682037313	0.021343953293813382	-1.039732957458717	0.3007033425928824	1	FALSE
Bifidobacteria	chr4_89685975_C_G	Age_at_collection	4.792896657000766e-4	2.9875371544457995e-4	1.604296920581685	0.11146488398855221	1	FALSE
Bifidobacteria	chr4_89685975_C_G	seqs_scaled	-0.0020978973259498843	0.0023238781028807757	-0.9027570436458108	0.3685923098343966	1	FALSE
Bifidobacteria	chr4_89685975_C_G	stool_travel_time	5.826610621462898e-4	0.0017351121530464369	0.3358059945135408	0.7376454193837811	1	FALSE
Bifidobacteria	chr4_89685975_C_G	dosage	-0.005676015951637192	0.0036980825825525705	-1.534853758652239	0.12763988988005315	1	FALSE
Bifidobacteria	chr4_89715479_G_A	(Intercept)	-0.020117708799804807	0.02164019262636623	-0.929645551088744	0.3545539959363093	1	FALSE
Bifidobacteria	chr4_89715479_G_A	Age_at_collection	4.488533340623864e-4	2.9798647561651495e-4	1.5062876029314336	0.13480863384795672	1	FALSE
Bifidobacteria	chr4_89715479_G_A	seqs_scaled	-0.0020933377085225096	0.002331284115288798	-0.8979333298735184	0.37114733907168806	1	FALSE
Bifidobacteria	chr4_89715479_G_A	stool_travel_time	6.930377200871635e-4	0.0017380168309227698	0.398752018827808	0.690835150395883	1	FALSE
Bifidobacteria	chr4_89715479_G_A	dosage	-0.004752198715529895	0.0037109736024377076	-1.280580037650555	0.2029868318853094	1	FALSE
Bifidobacteria	chr4_89716450_G_A	(Intercept)	-0.022099019677929765	0.02160066194015041	-1.0230714104577059	0.30847877607191754	1	FALSE
Bifidobacteria	chr4_89716450_G_A	Age_at_collection	4.409206223547119e-4	2.990726754931624e-4	1.4742925666065825	0.14320816787831173	1	FALSE
Bifidobacteria	chr4_89716450_G_A	seqs_scaled	-0.0021808033742321607	0.0023445230718077458	-0.9301692956046071	0.35428399333001837	1	FALSE
Bifidobacteria	chr4_89716450_G_A	stool_travel_time	6.913651691134435e-4	0.0017444155297308842	0.3963305515974754	0.692615270978867	1	FALSE
Bifidobacteria	chr4_89716450_G_A	dosage	-0.0031881021368845284	0.0034549905529381738	-0.9227527797936583	0.3581196456254908	1	FALSE
Bifidobacteria	chr4_89718364_G_T	(Intercept)	-0.023898795504082256	0.021508929703333138	-1.111110400829418	0.26890041625975164	1	FALSE
Bifidobacteria	chr4_89718364_G_T	Age_at_collection	4.1516995767919263e-4	2.987715885436662e-4	1.3895898191086349	0.16740964104171077	1	FALSE
Bifidobacteria	chr4_89718364_G_T	seqs_scaled	-0.0018727028023834771	0.0023592713805615836	-0.7937632007122948	0.42901181976077807	1	FALSE
Bifidobacteria	chr4_89718364_G_T	stool_travel_time	7.583939751641431e-4	0.0017480606451427618	0.4338487782282897	0.6652328119550183	1	FALSE
Bifidobacteria	chr4_89718364_G_T	dosage	-0.004665859722918256	0.007866832157928093	-0.593105284217366	0.554306470709153	1	FALSE
Bifidobacteria	chr4_89720189_T_C	(Intercept)	-0.022058696468978522	0.021599949682377013	-1.021238326632575	0.3093423764560414	1	FALSE
Bifidobacteria	chr4_89720189_T_C	Age_at_collection	4.411714339394823e-4	2.9904263234821406e-4	1.475279395700909	0.14294315338591354	1	FALSE
Bifidobacteria	chr4_89720189_T_C	seqs_scaled	-0.002183417132041292	0.0023443635035333013	-0.9313475187404003	0.35367707287884087	1	FALSE
Bifidobacteria	chr4_89720189_T_C	stool_travel_time	6.827537481757787e-4	0.001744511388254074	0.3913724798661739	0.6962655174912824	1	FALSE
Bifidobacteria	chr4_89720189_T_C	dosage	-0.003183185748442244	0.0034078502069505375	-0.9340744325997442	0.3522749547392884	1	FALSE
Bifidobacteria	chr4_89723303_A_G	(Intercept)	-0.023899278769349677	0.021509088774711086	-1.1111246515216773	0.2688943095569454	1	FALSE
Bifidobacteria	chr4_89723303_A_G	Age_at_collection	4.151619069496853e-4	2.987733658869349e-4	1.3895546067744051	0.16742031277763353	1	FALSE
Bifidobacteria	chr4_89723303_A_G	seqs_scaled	-0.0018731241141019706	0.002359247197940793	-0.793949915776896	0.4289035599687776	1	FALSE
Bifidobacteria	chr4_89723303_A_G	stool_travel_time	7.583956469432977e-4	0.0017480701875251833	0.43384736628738596	0.6652338342694996	1	FALSE
Bifidobacteria	chr4_89723303_A_G	dosage	-0.004658311554896485	0.007865900468375474	-0.5922159292028971	0.5548996869069035	1	FALSE
Bifidobacteria	chr4_89744890_C_T	(Intercept)	-0.0221018389174243	0.021600747279702993	-1.0231978843709797	0.30841925147237886	1	FALSE
Bifidobacteria	chr4_89744890_C_T	Age_at_collection	4.4087887869188923e-4	2.9907292529069866e-4	1.4741517583490893	0.1432460132802185	1	FALSE
Bifidobacteria	chr4_89744890_C_T	seqs_scaled	-0.002180061005265919	0.0023444943070051	-0.9298640643963724	0.3544413311849519	1	FALSE
Bifidobacteria	chr4_89744890_C_T	stool_travel_time	6.887974795292244e-4	0.0017445076258925112	0.39483775783257313	0.6937135439436952	1	FALSE
Bifidobacteria	chr4_89744890_C_T	dosage	-0.0031748585990553856	0.0034438463735709537	-0.9218932131874825	0.35856589986534015	1	FALSE
Bifidobacteria	chr4_89757390_G_A	(Intercept)	-0.022972097261466106	0.021329607677459807	-1.077005147438413	0.28379231575569347	1	FALSE
Bifidobacteria	chr4_89757390_G_A	Age_at_collection	4.7450020903815364e-4	2.9873567327192167e-4	1.5883613893217359	0.11502374518777314	1	FALSE
Bifidobacteria	chr4_89757390_G_A	seqs_scaled	-0.0020570059641094505	0.0023252134593688216	-0.8846525276297962	0.37823929551777413	1	FALSE
Bifidobacteria	chr4_89757390_G_A	stool_travel_time	6.48056242856585e-4	0.0017345091256207852	0.3736251561228564	0.7093895142298529	1	FALSE
Bifidobacteria	chr4_89757390_G_A	dosage	-0.004928113250580073	0.0033294283241224374	-1.4801679960715217	0.14163593331762847	1	FALSE
Bifidobacteria	chr4_89761323_T_C	(Intercept)	-0.023898602530936713	0.02150905441073211	-1.1110949870028837	0.26890702149717344	1	FALSE
Bifidobacteria	chr4_89761323_T_C	Age_at_collection	4.1515709687558084e-4	2.9877276398398663e-4	1.3895413067097109	0.1674243437379841	1	FALSE
Bifidobacteria	chr4_89761323_T_C	seqs_scaled	-0.0018729662999481516	0.002359250125939147	-0.7938820387696619	0.42894291406662743	1	FALSE
Bifidobacteria	chr4_89761323_T_C	stool_travel_time	7.583900538948113e-4	0.0017480653936411492	0.43384535650300565	0.6652352894530746	1	FALSE
Bifidobacteria	chr4_89761323_T_C	dosage	-0.004661943282422394	0.007866318306833016	-0.5926461529497011	0.5546126804643973	1	FALSE
Bifidobacteria	chr4_89838405_C_T	(Intercept)	-0.01926532084283998	0.02116961468832406	-0.910045890134487	0.3647526466427605	1	FALSE
Bifidobacteria	chr4_89838405_C_T	Age_at_collection	4.588017039199691e-4	2.931803145526845e-4	1.5649130625293821	0.12042446964647144	1	FALSE
Bifidobacteria	chr4_89838405_C_T	seqs_scaled	-0.0014481496716763525	0.0023107707725839276	-0.6266955116699078	0.5321341767145114	1	FALSE
Bifidobacteria	chr4_89838405_C_T	stool_travel_time	7.986816919394129e-4	0.0017121925492056805	0.4664672161492216	0.6417871503168602	1	FALSE
Bifidobacteria	chr4_89838405_C_T	dosage	-0.007844872661382857	0.003479741739400969	-2.2544410616902097	0.026113319272993908	0.9400794938277807	FALSE
Bifidobacteria	chr4_89840793_T_G	(Intercept)	-0.015905982442760785	0.02223410449556856	-0.7153866910147417	0.4758588394023989	1	FALSE
Bifidobacteria	chr4_89840793_T_G	Age_at_collection	4.321579028070606e-4	2.968300253522526e-4	1.4559103389025838	0.14821487821260204	1	FALSE
Bifidobacteria	chr4_89840793_T_G	seqs_scaled	-0.0017143639818070465	0.002339088243740325	-0.7329197546928322	0.46513856891395866	1	FALSE
Bifidobacteria	chr4_89840793_T_G	stool_travel_time	6.715317249799433e-4	0.0017361664490517794	0.3867899447928541	0.6996456394501994	1	FALSE
Bifidobacteria	chr4_89840793_T_G	dosage	-0.006016683729577322	0.00434072350448068	-1.3861015849930651	0.16846933113229792	1	FALSE
Bifidobacteria	chr4_89859751_C_T	(Intercept)	-0.023049013538624683	0.02162224266832165	-1.0659862574011978	0.2887224188009493	1	FALSE
Bifidobacteria	chr4_89859751_C_T	Age_at_collection	4.000915335033018e-4	3.001314550409676e-4	1.333054322642356	0.18521925572883494	1	FALSE
Bifidobacteria	chr4_89859751_C_T	seqs_scaled	-0.002087972492318761	0.0023455923131160865	-0.8901685432047305	0.37528352951415467	1	FALSE
Bifidobacteria	chr4_89859751_C_T	stool_travel_time	8.379177753571653e-4	0.0017552464457511049	0.477378989933578	0.6340225370589762	1	FALSE
Bifidobacteria	chr4_89859751_C_T	dosage	-0.005039008375223625	0.008154962427108751	-0.617907000830922	0.5378910734432387	1	FALSE
Bifidobacteria	chr6_32441753_G_A	(Intercept)	-0.02120512077704842	0.021899573227507484	-0.9682892244864946	0.334986275908955	1	FALSE
Bifidobacteria	chr6_32441753_G_A	Age_at_collection	4.283539596872809e-4	2.986787936672725e-4	1.4341626147200335	0.15431201517635307	1	FALSE
Bifidobacteria	chr6_32441753_G_A	seqs_scaled	-0.002213400095398676	0.002353286960740613	-0.9405568178995423	0.34895619305853975	1	FALSE
Bifidobacteria	chr6_32441753_G_A	stool_travel_time	6.003829947788863e-4	0.0017543805877544385	0.3422193559194365	0.732827171291895	1	FALSE
Bifidobacteria	chr6_32441753_G_A	dosage	-0.0030233603370191185	0.0039006799922417226	-0.7750854576721101	0.43992253714386764	1	FALSE
Bifidobacteria	chr6_32602640_A_C	(Intercept)	-0.02553321385778073	0.02159727501673975	-1.1822423818741155	0.23961341236944375	1	FALSE
Bifidobacteria	chr6_32602640_A_C	Age_at_collection	4.212449419393364e-4	2.9903869235765185e-4	1.4086636703036584	0.1617047529141159	1	FALSE
Bifidobacteria	chr6_32602640_A_C	seqs_scaled	-0.002035754576461651	0.002345932702327902	-0.867780467206729	0.38737005858613394	1	FALSE
Bifidobacteria	chr6_32602640_A_C	stool_travel_time	7.318417396562359e-4	0.001749001497916388	0.41843402680220115	0.6764310740322641	1	FALSE
Bifidobacteria	chr6_32602640_A_C	dosage	0.0021213405697482705	0.005016299053619912	0.4228895739813294	0.6731866818733858	1	FALSE
Bifidobacteria	chr6_32604184_T_C	(Intercept)	-0.025532886578046282	0.021597164458589252	-1.1822332800680129	0.2396170080375156	1	FALSE
Bifidobacteria	chr6_32604184_T_C	Age_at_collection	4.212384715583313e-4	2.9903824544717344e-4	1.4086441382386492	0.16171051780769038	1	FALSE
Bifidobacteria	chr6_32604184_T_C	seqs_scaled	-0.0020357703490640118	0.002345932358900869	-0.8677873176265933	0.3873663238706998	1	FALSE
Bifidobacteria	chr6_32604184_T_C	stool_travel_time	7.318365929622074e-4	0.0017490011714335776	0.4184311622629468	0.6764331618689825	1	FALSE
Bifidobacteria	chr6_32604184_T_C	dosage	0.002121815953843505	0.005016738387331567	0.4229472996243106	0.6731446880933519	1	FALSE
Bifidobacteria	chr6_32684419_T_C	(Intercept)	-0.02373460983201915	0.021526112224673464	-1.102596213579816	0.2725661754403677	1	FALSE
Bifidobacteria	chr6_32684419_T_C	Age_at_collection	4.144245292074395e-4	2.98793882173115e-4	1.3869913473239406	0.16819854685337235	1	FALSE
Bifidobacteria	chr6_32684419_T_C	seqs_scaled	-0.0020048657406854	0.002344501524208155	-0.855135183314728	0.3943019054836042	1	FALSE
Bifidobacteria	chr6_32684419_T_C	stool_travel_time	7.548273362488798e-4	0.0017479248384703455	0.4318419875018475	0.666686462754257	1	FALSE
Bifidobacteria	chr6_32684419_T_C	dosage	-0.0032580314022802427	0.005481235759372256	-0.5943972391097025	0.5534452735640063	1	FALSE
Bifidobacteria	chr6_32698883_C_T	(Intercept)	-0.02367918209092379	0.021517536702739454	-1.1004597049396054	0.2734914569411404	1	FALSE
Bifidobacteria	chr6_32698883_C_T	Age_at_collection	4.150218630400701e-4	2.986802068143781e-4	1.3895191364253852	0.16743106323322843	1	FALSE
Bifidobacteria	chr6_32698883_C_T	seqs_scaled	-0.0020183096705554625	0.002343495102372381	-0.8612391246357951	0.3909464196429634	1	FALSE
Bifidobacteria	chr6_32698883_C_T	stool_travel_time	7.475511867288883e-4	0.0017472191418730757	0.42785198994986345	0.6695804474324889	1	FALSE
Bifidobacteria	chr6_32698883_C_T	dosage	-0.00350108249564277	0.005415619304245833	-0.6464786941168352	0.519291966712364	1	FALSE
E. coli-Klebsiella	chr4_89587189_T_G	(Intercept)	-0.112791859585713	0.18326765335749412	-0.6154488122663614	0.5395069579918421	1	FALSE
E. coli-Klebsiella	chr4_89587189_T_G	Age_at_collection	0.002539336239795978	0.002524799755029686	1.0057574802664384	0.3167002254264093	1	FALSE
E. coli-Klebsiella	chr4_89587189_T_G	seqs_scaled	0.02420911044098535	0.01995049863246667	1.2134589158382427	0.22750728805624396	1	FALSE
E. coli-Klebsiella	chr4_89587189_T_G	stool_travel_time	0.05716370688477913	0.014740644562568444	3.877965216659345	1.7811468932731425e-4	0.006412128815783313	TRUE
E. coli-Klebsiella	chr4_89587189_T_G	dosage	-0.037014593594566415	0.04084969083359917	-0.9061168601090523	0.3668192486556999	1	FALSE
E. coli-Klebsiella	chr4_89685975_C_G	(Intercept)	-0.14381440992718567	0.18213313632292585	-0.7896114503414673	0.4314232142969423	1	FALSE
E. coli-Klebsiella	chr4_89685975_C_G	Age_at_collection	0.002549197935647093	0.0025493379990584996	0.9999450589088389	0.31949260190227385	1	FALSE
E. coli-Klebsiella	chr4_89685975_C_G	seqs_scaled	0.02193282475058862	0.019830216149907366	1.1060305437311673	0.27108338541376437	1	FALSE
E. coli-Klebsiella	chr4_89685975_C_G	stool_travel_time	0.05731860021079787	0.014806133332290038	3.871274081113013	1.824792279263452e-4	0.006569252205348428	TRUE
E. coli-Klebsiella	chr4_89685975_C_G	dosage	0.013030907558081308	0.03155663666752465	0.41293714838411744	0.680442129343497	1	FALSE
E. coli-Klebsiella	chr4_89715479_G_A	(Intercept)	-0.1505173733723047	0.18408380803189917	-0.8176567780813299	0.4152892592846993	1	FALSE
E. coli-Klebsiella	chr4_89715479_G_A	Age_at_collection	0.0026059079525987076	0.0025348427401084453	1.0280353535806415	0.30614828841191916	1	FALSE
E. coli-Klebsiella	chr4_89715479_G_A	seqs_scaled	0.021949135871024306	0.0198312309394032	1.1067964433520354	0.2707534695277274	1	FALSE
E. coli-Klebsiella	chr4_89715479_G_A	stool_travel_time	0.05708347086930931	0.014784561403117262	3.861018890778424	1.8936684194198068e-4	0.006817206309911304	TRUE
E. coli-Klebsiella	chr4_89715479_G_A	dosage	0.01295578691927762	0.03156765579851023	0.4104133357881152	0.6822868295633702	1	FALSE
E. coli-Klebsiella	chr4_89716450_G_A	(Intercept)	-0.15229585218886346	0.18294640249235677	-0.8324615850001541	0.40692000526599903	1	FALSE
E. coli-Klebsiella	chr4_89716450_G_A	Age_at_collection	0.0025631822450894065	0.002532990434128201	1.0119194334705794	0.3137577004490039	1	FALSE
E. coli-Klebsiella	chr4_89716450_G_A	seqs_scaled	0.02261284511502275	0.019856894327404572	1.138790625672751	0.25722042502465303	1	FALSE
E. coli-Klebsiella	chr4_89716450_G_A	stool_travel_time	0.05721337658810312	0.014774294718388703	3.872494604895959	1.816755725621781e-4	0.0065403206122384115	TRUE
E. coli-Klebsiella	chr4_89716450_G_A	dosage	0.017749805017230946	0.029261977899401173	0.6065825447019487	0.5453555727583512	1	FALSE
E. coli-Klebsiella	chr4_89718364_G_T	(Intercept)	-0.13287653079440245	0.1818480108925955	-0.7307010406227816	0.4664875964984062	1	FALSE
E. coli-Klebsiella	chr4_89718364_G_T	Age_at_collection	0.0026664718993445464	0.0025259750176907804	1.0556208516195884	0.29341324235003735	1	FALSE
E. coli-Klebsiella	chr4_89718364_G_T	seqs_scaled	0.022944860524789074	0.019946543767097213	1.150317608539166	0.2524632518904421	1	FALSE
E. coli-Klebsiella	chr4_89718364_G_T	stool_travel_time	0.0571362868329225	0.01477904087387379	3.866034834095854	1.859676495657377e-4	0.006694835384366557	TRUE
E. coli-Klebsiella	chr4_89718364_G_T	dosage	-0.034319533252351465	0.06651041217190086	-0.5160024142332813	0.6068699207508349	1	FALSE
E. coli-Klebsiella	chr4_89720189_T_C	(Intercept)	-0.15263138633088197	0.18294524394405826	-0.834300925459173	0.4058873817264288	1	FALSE
E. coli-Klebsiella	chr4_89720189_T_C	Age_at_collection	0.002560795471492084	0.0025328034615401404	1.011051789203937	0.31417092138987446	1	FALSE
E. coli-Klebsiella	chr4_89720189_T_C	seqs_scaled	0.022633983218668493	0.019856071859156704	1.1399023623210118	0.2567588841154941	1	FALSE
E. coli-Klebsiella	chr4_89720189_T_C	stool_travel_time	0.05726360115239466	0.014775500229415709	3.875577832443993	1.7966040887008045e-4	0.006467774719322896	TRUE
E. coli-Klebsiella	chr4_89720189_T_C	dosage	0.017860097711105687	0.028863492582301545	0.6187781211916503	0.5373190359817952	1	FALSE
E. coli-Klebsiella	chr4_89723303_A_G	(Intercept)	-0.13288232770445185	0.18184932911214927	-0.7307276213403091	0.4664714218158932	1	FALSE
E. coli-Klebsiella	chr4_89723303_A_G	Age_at_collection	0.0026664222747963904	0.002525989674048738	1.05559508108462	0.2934249689245013	1	FALSE
E. coli-Klebsiella	chr4_89723303_A_G	seqs_scaled	0.022941274130684076	0.019946336390580733	1.1501497659248163	0.2525320715456147	1	FALSE
E. coli-Klebsiella	chr4_89723303_A_G	stool_travel_time	0.05713622844012248	0.014779119383995079	3.866010345785397	1.85984102669064e-4	0.0066954276960863035	TRUE
E. coli-Klebsiella	chr4_89723303_A_G	dosage	-0.03424964210783527	0.06650252542166256	-0.515012653890566	0.6075591250557302	1	FALSE
E. coli-Klebsiella	chr4_89744890_C_T	(Intercept)	-0.15214143566980284	0.18295228748141062	-0.8315907812044252	0.407409436412945	1	FALSE
E. coli-Klebsiella	chr4_89744890_C_T	Age_at_collection	0.0025646570496103503	0.0025330640230721998	1.0124722574125202	0.31349460373330906	1	FALSE
E. coli-Klebsiella	chr4_89744890_C_T	seqs_scaled	0.022600527595741104	0.019857210998286603	1.138152160325597	0.2574857494998531	1	FALSE
E. coli-Klebsiella	chr4_89744890_C_T	stool_travel_time	0.05722510671930264	0.0147754916324445	3.872974797917784	1.813603141259843e-4	0.006528971308535435	TRUE
E. coli-Klebsiella	chr4_89744890_C_T	dosage	0.017501598158993364	0.02916841550067104	0.6000188168805648	0.5497057695276517	1	FALSE
E. coli-Klebsiella	chr4_89757390_G_A	(Intercept)	-0.14097029623545612	0.18195056351015554	-0.7747725179624843	0.44010670691331155	1	FALSE
E. coli-Klebsiella	chr4_89757390_G_A	Age_at_collection	0.002595997779007476	0.0025483414844920927	1.0187009059835173	0.3105404725197985	1	FALSE
E. coli-Klebsiella	chr4_89757390_G_A	seqs_scaled	0.021822471234039846	0.019835053021656897	1.1001972724858857	0.2736052613725355	1	FALSE
E. coli-Klebsiella	chr4_89757390_G_A	stool_travel_time	0.05711279805979729	0.014796095530332511	3.859991167447795	1.9007057369673996e-4	0.006842540653082639	TRUE
E. coli-Klebsiella	chr4_89757390_G_A	dosage	0.0081758664800389	0.028401430016967634	0.28786812759619707	0.7739796891375346	1	FALSE
E. coli-Klebsiella	chr4_89761323_T_C	(Intercept)	-0.13288716163913414	0.18184992905044714	-0.7307517926073527	0.4664567135865002	1	FALSE
E. coli-Klebsiella	chr4_89761323_T_C	Age_at_collection	0.00266642888394399	0.002525996954360982	1.0555946551481625	0.2934251627444814	1	FALSE
E. coli-Klebsiella	chr4_89761323_T_C	seqs_scaled	0.022940302564819548	0.01994645881783742	1.1500939978531346	0.2525549407772771	1	FALSE
E. coli-Klebsiella	chr4_89761323_T_C	stool_travel_time	0.057135878541876975	0.014779151223429583	3.8659783419293197	1.8600560737588897e-4	0.0066962018655320026	TRUE
E. coli-Klebsiella	chr4_89761323_T_C	dosage	-0.03421350660805124	0.06650638371494674	-0.5144394371928848	0.6079584374099504	1	FALSE
E. coli-Klebsiella	chr4_89838405_C_T	(Intercept)	-0.1582555713394953	0.1821479007012796	-0.8688300591453567	0.3867981009952072	1	FALSE
E. coli-Klebsiella	chr4_89838405_C_T	Age_at_collection	0.00253785049612701	0.002522586244905339	1.0060510324483452	0.31655963019759775	1	FALSE
E. coli-Klebsiella	chr4_89838405_C_T	seqs_scaled	0.01960137027872621	0.019882366846297954	0.9858670464264134	0.32632335166707405	1	FALSE
E. coli-Klebsiella	chr4_89838405_C_T	stool_travel_time	0.056731625166597154	0.014732071557551678	3.8508925879820652	1.9641037995557633e-4	0.007070773678400748	TRUE
E. coli-Klebsiella	chr4_89838405_C_T	dosage	0.029310522139368096	0.02994044351520902	0.9789608535517873	0.3297091969937912	1	FALSE
E. coli-Klebsiella	chr4_89840793_T_G	(Intercept)	-0.20045044340632312	0.18836963860034653	-1.064133503125776	0.2895570944995114	1	FALSE
E. coli-Klebsiella	chr4_89840793_T_G	Age_at_collection	0.002590191935095203	0.0025147747512151704	1.029989637777137	0.3052340379259445	1	FALSE
E. coli-Klebsiella	chr4_89840793_T_G	seqs_scaled	0.01951918707600292	0.01981699812625699	0.9849719393241765	0.32676089268163333	1	FALSE
E. coli-Klebsiella	chr4_89840793_T_G	stool_travel_time	0.05742408500933439	0.014708982168502114	3.9040148632651555	1.6205184177781902e-4	0.005833866304001485	TRUE
E. coli-Klebsiella	chr4_89840793_T_G	dosage	0.04293324440263505	0.036775059592169396	1.167455467883917	0.24550591879178607	1	FALSE
E. coli-Klebsiella	chr4_89859751_C_T	(Intercept)	-0.16221421068392952	0.18203768064651635	-0.8911023811543701	0.37478456605802457	1	FALSE
E. coli-Klebsiella	chr4_89859751_C_T	Age_at_collection	0.002965800198080099	0.0025268069923554694	1.1737343639829823	0.24299134758764646	1	FALSE
E. coli-Klebsiella	chr4_89859751_C_T	seqs_scaled	0.022644108735489103	0.01974754381272019	1.1466797567453995	0.25395783109929576	1	FALSE
E. coli-Klebsiella	chr4_89859751_C_T	stool_travel_time	0.055409682192040295	0.014777421419642875	3.749617786387754	2.820058186467844e-4	0.01015220947128424	TRUE
E. coli-Klebsiella	chr4_89859751_C_T	dosage	0.07664443438635446	0.06865663607435558	1.1163441550405708	0.2666641366771495	1	FALSE
E. coli-Klebsiella	chr6_32441753_G_A	(Intercept)	-0.11796802926835522	0.1853327449188222	-0.6365201644211687	0.5257362029009522	1	FALSE
E. coli-Klebsiella	chr6_32441753_G_A	Age_at_collection	0.0027489905306883984	0.0025276730329095278	1.087557803124607	0.27912526322834613	1	FALSE
E. coli-Klebsiella	chr6_32441753_G_A	seqs_scaled	0.02070019657207916	0.01991550828341736	1.0394008667765295	0.30085701510523855	1	FALSE
E. coli-Klebsiella	chr6_32441753_G_A	stool_travel_time	0.05616773638233155	0.014847055081074438	3.783089378709765	2.5040753860576596e-4	0.009014671389807575	TRUE
E. coli-Klebsiella	chr6_32441753_G_A	dosage	-0.017903572686691988	0.03301085927574346	-0.5423540337784427	0.5886521618832092	1	FALSE
E. coli-Klebsiella	chr6_32602640_A_C	(Intercept)	-0.14329491996650986	0.18260742913601571	-0.7847157185471145	0.43427693017905156	1	FALSE
E. coli-Klebsiella	chr6_32602640_A_C	Age_at_collection	0.002705899492762214	0.0025284063281734302	1.0701996204530182	0.286830399161614	1	FALSE
E. coli-Klebsiella	chr6_32602640_A_C	seqs_scaled	0.02175371238271106	0.01983512917097963	1.0967265297439288	0.275113443137977	1	FALSE
E. coli-Klebsiella	chr6_32602640_A_C	stool_travel_time	0.05694741749162011	0.014788007600125691	3.8509188682818967	1.9639178144030536e-4	0.0070701041318509935	TRUE
E. coli-Klebsiella	chr6_32602640_A_C	dosage	0.011853501200026194	0.04241338193123768	0.27947550184146075	0.7803953867585103	1	FALSE
E. coli-Klebsiella	chr6_32604184_T_C	(Intercept)	-0.1432867855509091	0.18260667516407647	-0.7846744124888232	0.43430105435320965	1	FALSE
E. coli-Klebsiella	chr6_32604184_T_C	Age_at_collection	0.0027058427039379222	0.002528405053020294	1.0701776998529848	0.286840220649502	1	FALSE
E. coli-Klebsiella	chr6_32604184_T_C	seqs_scaled	0.02175365650757398	0.019835145907236798	1.0967227873850536	0.2751150724462155	1	FALSE
E. coli-Klebsiella	chr6_32604184_T_C	stool_travel_time	0.056947414081322714	0.0147880194821845	3.8509155434863134	1.9639413429878603e-4	0.007070188834756297	TRUE
E. coli-Klebsiella	chr6_32604184_T_C	dosage	0.011841402589746737	0.042417138547753974	0.2791655211823276	0.7806326432648082	1	FALSE
E. coli-Klebsiella	chr6_32684419_T_C	(Intercept)	-0.13796884072891014	0.18221038941047263	-0.7571952465240729	0.45052294169706963	1	FALSE
E. coli-Klebsiella	chr6_32684419_T_C	Age_at_collection	0.002688172431130872	0.0025291770783312465	1.06286446060334	0.290129754345593	1	FALSE
E. coli-Klebsiella	chr6_32684419_T_C	seqs_scaled	0.021787128759253406	0.01984531768861457	1.097847315981889	0.2746257875314968	1	FALSE
E. coli-Klebsiella	chr6_32684419_T_C	stool_travel_time	0.05697334269308106	0.014795521929541108	3.850715301859454	1.9653588881125687e-4	0.007075291997205247	TRUE
E. coli-Klebsiella	chr6_32684419_T_C	dosage	-9.407144422626398e-4	0.04639658530726519	-0.020275510278023292	0.9838596689164076	1	FALSE
E. coli-Klebsiella	chr6_32698883_C_T	(Intercept)	-0.1364662789389861	0.182174131196078	-0.7490980088281824	0.4553685526071265	1	FALSE
E. coli-Klebsiella	chr6_32698883_C_T	Age_at_collection	0.002683243810338081	0.002528719152826955	1.061107876427628	0.2909236930195522	1	FALSE
E. coli-Klebsiella	chr6_32698883_C_T	seqs_scaled	0.021803375716025905	0.019840755479348136	1.0989186242792328	0.27416021937292695	1	FALSE
E. coli-Klebsiella	chr6_32698883_C_T	stool_travel_time	0.056990189336626314	0.014792498489818362	3.8526412137782207	1.9517653059467795e-4	0.007026355101408407	TRUE
E. coli-Klebsiella	chr6_32698883_C_T	dosage	-0.0065071613032414224	0.0458503106219444	-0.1419218586520771	0.8873967053812116	1	FALSE
Fiber Degraders	chr4_89587189_T_G	(Intercept)	0.22933135401144217	0.09330433432084471	2.4578853241998666	0.015508084137452175	0.5582910289482783	FALSE
Fiber Degraders	chr4_89587189_T_G	Age_at_collection	-0.0012232050715747633	0.0012854137438915573	-0.951604164330421	0.34334686441959983	1	FALSE
Fiber Degraders	chr4_89587189_T_G	seqs_scaled	-0.008640372209224069	0.01015710061305866	-0.850673094457233	0.3967659637189995	1	FALSE
Fiber Degraders	chr4_89587189_T_G	stool_travel_time	-0.004275600616166215	0.007504685104947283	-0.5697241864748767	0.5700057628445547	1	FALSE
Fiber Degraders	chr4_89587189_T_G	dosage	-0.0328152733599705	0.0207971954712947	-1.577870122212571	0.11741579018463018	1	FALSE
Fiber Degraders	chr4_89685975_C_G	(Intercept)	0.1993576596924143	0.09300290786151434	2.143563725870455	0.03423113136610466	1	FALSE
Fiber Degraders	chr4_89685975_C_G	Age_at_collection	-0.0012763973249884902	0.0013017721641487526	-0.9805074652392376	0.328948954949135	1	FALSE
Fiber Degraders	chr4_89685975_C_G	seqs_scaled	-0.010590643543287339	0.010125932066495704	-1.0458932050639818	0.2978623443126128	1	FALSE
Fiber Degraders	chr4_89685975_C_G	stool_travel_time	-0.003983163460668623	0.00756047736226753	-0.526840207279451	0.5993464714149956	1	FALSE
Fiber Degraders	chr4_89685975_C_G	dosage	0.017313833785751156	0.016113811202402586	1.074471679497501	0.28492070165903394	1	FALSE
Fiber Degraders	chr4_89715479_G_A	(Intercept)	0.19435270542157065	0.09420510952240112	2.0630802979466347	0.041417080153674894	1	FALSE
Fiber Degraders	chr4_89715479_G_A	Age_at_collection	-0.0011745855828421332	0.0012972088121547308	-0.9054714798699879	0.36715941356002835	1	FALSE
Fiber Degraders	chr4_89715479_G_A	seqs_scaled	-0.010622798171193456	0.01014865621579696	-1.046719678479055	0.29748257650700155	1	FALSE
Fiber Degraders	chr4_89715479_G_A	stool_travel_time	-0.004332300469820659	0.007566017028395982	-0.5725998836060139	0.5680633299903406	1	FALSE
Fiber Degraders	chr4_89715479_G_A	dosage	0.013101962426475907	0.01615478571232508	0.8110266926338701	0.41907046678911664	1	FALSE
Fiber Degraders	chr4_89716450_G_A	(Intercept)	0.1950717552859572	0.09357487552891644	2.084659521942685	0.03937346105506139	1	FALSE
Fiber Degraders	chr4_89716450_G_A	Age_at_collection	-0.0011952290399535738	0.001295594017484902	-0.9225336207354803	0.35823339101311424	1	FALSE
Fiber Degraders	chr4_89716450_G_A	seqs_scaled	-0.010100710090859938	0.010156561647367505	-0.9945009385610294	0.3221228033110226	1	FALSE
Fiber Degraders	chr4_89716450_G_A	stool_travel_time	-0.004244879906598634	0.007556873327194883	-0.5617243696970022	0.5754261804377905	1	FALSE
Fiber Degraders	chr4_89716450_G_A	dosage	0.014773944967199045	0.014967148314276178	0.9870915058085682	0.32572544382937973	1	FALSE
Fiber Degraders	chr4_89718364_G_T	(Intercept)	0.20957869713855595	0.09325941862674181	2.24726574778861	0.026582373347685376	0.9569654405166735	FALSE
Fiber Degraders	chr4_89718364_G_T	Age_at_collection	-0.001102192697101146	0.0012954277611243756	-0.8508330068088784	0.3966774944219743	1	FALSE
Fiber Degraders	chr4_89718364_G_T	seqs_scaled	-0.010185215325089833	0.010229438673547187	-0.9956768548237438	0.3215534773238386	1	FALSE
Fiber Degraders	chr4_89718364_G_T	stool_travel_time	-0.00436123275640217	0.00757932271567368	-0.5754119358690648	0.5661669959297064	1	FALSE
Fiber Degraders	chr4_89718364_G_T	dosage	-0.017938136635783048	0.034109377063463994	-0.5259004467424693	0.5999971426102055	1	FALSE
Fiber Degraders	chr4_89720189_T_C	(Intercept)	0.1950538573531901	0.09358229342747916	2.084303025810599	0.039406504419508895	1	FALSE
Fiber Degraders	chr4_89720189_T_C	Age_at_collection	-0.001194884242192956	0.001295609285172032	-0.9222566215510708	0.3583771888598094	1	FALSE
Fiber Degraders	chr4_89720189_T_C	seqs_scaled	-0.010098619741879459	0.010157010387266012	-0.9942511976299878	0.32224380245920536	1	FALSE
Fiber Degraders	chr4_89720189_T_C	stool_travel_time	-0.004208443896785091	0.007558136894937711	-0.5568096946753931	0.5787684004040177	1	FALSE
Fiber Degraders	chr4_89720189_T_C	dosage	0.014541674082278052	0.014764591710319446	0.9849018765696318	0.3267951566377937	1	FALSE
Fiber Degraders	chr4_89723303_A_G	(Intercept)	0.2095845481597986	0.09325938049523574	2.247329405866099	0.026578179769629097	0.9568144717066475	FALSE
Fiber Degraders	chr4_89723303_A_G	Age_at_collection	-0.0011022566268102621	0.0012954253572960216	-0.8508839360000131	0.39664932108454554	1	FALSE
Fiber Degraders	chr4_89723303_A_G	seqs_scaled	-0.010185159208506397	0.010229253987447666	-0.995689345577363	0.3215474334364555	1	FALSE
Fiber Degraders	chr4_89723303_A_G	stool_travel_time	-0.004360983297865028	0.0075793049374765515	-0.5753803724536476	0.5661882639215526	1	FALSE
Fiber Degraders	chr4_89723303_A_G	dosage	-0.017958524683802712	0.034105071228324735	-0.5265646438201222	0.5995372324128433	1	FALSE
Fiber Degraders	chr4_89744890_C_T	(Intercept)	0.1951746389370716	0.09358155495060744	2.0856101294756773	0.03928546645629781	1	FALSE
Fiber Degraders	chr4_89744890_C_T	Age_at_collection	-0.00119423116607617	0.0012956824608854577	-0.921700495397648	0.3586660002161285	1	FALSE
Fiber Degraders	chr4_89744890_C_T	seqs_scaled	-0.010109449532067787	0.010157121880155658	-0.9953065101856254	0.321732709737807	1	FALSE
Fiber Degraders	chr4_89744890_C_T	stool_travel_time	-0.004234642136532116	0.007557781873945357	-0.5603022430603073	0.57639234557848	1	FALSE
Fiber Degraders	chr4_89744890_C_T	dosage	0.014599604811242478	0.01491987728371829	0.9785338400319608	0.3299192998934638	1	FALSE
Fiber Degraders	chr4_89757390_G_A	(Intercept)	0.20012298432544365	0.09257485289709284	2.1617423961548434	0.03276636801824126	1	FALSE
Fiber Degraders	chr4_89757390_G_A	Age_at_collection	-0.0013166637094926097	0.0012965738248194394	-1.0154945937428346	0.3120588330954173	1	FALSE
Fiber Degraders	chr4_89757390_G_A	seqs_scaled	-0.01069012468678787	0.010091901229992263	-1.0592775774516836	0.29175252322921313	1	FALSE
Fiber Degraders	chr4_89757390_G_A	stool_travel_time	-0.004097319922937091	0.007528123797733734	-0.5442684037914662	0.5873387219851539	1	FALSE
Fiber Degraders	chr4_89757390_G_A	dosage	0.019841992915722934	0.014450398807042464	1.3731104020501395	0.1724608333935929	1	FALSE
Fiber Degraders	chr4_89761323_T_C	(Intercept)	0.20958852209424053	0.09325916309197495	2.2473772565119217	0.026575027912792194	0.956701004860519	FALSE
Fiber Degraders	chr4_89761323_T_C	Age_at_collection	-0.0011022810216102313	0.0012954217973394561	-0.8509051058690703	0.3966376105603473	1	FALSE
Fiber Degraders	chr4_89761323_T_C	seqs_scaled	-0.010184253629506541	0.010229259179331464	-0.9956003119056893	0.3215905157042042	1	FALSE
Fiber Degraders	chr4_89761323_T_C	stool_travel_time	-0.004360961816954465	0.007579278592538948	-0.5753795382646841	0.5661888260182136	1	FALSE
Fiber Degraders	chr4_89761323_T_C	dosage	-0.017981285007385352	0.034106857879549084	-0.5272043842586616	0.5990944097594766	1	FALSE
Fiber Degraders	chr4_89838405_C_T	(Intercept)	0.19897863520054862	0.09358636170356036	2.1261499173439797	0.03568710912964179	1	FALSE
Fiber Degraders	chr4_89838405_C_T	Age_at_collection	-0.0011492712548605208	0.0012960877827041496	-0.8867233147300319	0.3771279614815293	1	FALSE
Fiber Degraders	chr4_89838405_C_T	seqs_scaled	-0.011642968016655096	0.010215425860175422	-1.139743773389312	0.2568246871472639	1	FALSE
Fiber Degraders	chr4_89838405_C_T	stool_travel_time	-0.0045413221858068425	0.007569238910355881	-0.5999707816850142	0.5497376692643882	1	FALSE
Fiber Degraders	chr4_89838405_C_T	dosage	0.011420033152389904	0.01538319775079178	0.7423705615304925	0.4594169584993639	1	FALSE
Fiber Degraders	chr4_89840793_T_G	(Intercept)	0.2041342344208378	0.09719044764721876	2.100352857328149	0.03794229309715483	1	FALSE
Fiber Degraders	chr4_89840793_T_G	Age_at_collection	-0.0010944870654542673	0.0012975131534922208	-0.8435267592536427	0.4007318831547265	1	FALSE
Fiber Degraders	chr4_89840793_T_G	seqs_scaled	-0.0108905037973743	0.010224699337037796	-1.0651172653972039	0.2891136994925238	1	FALSE
Fiber Degraders	chr4_89840793_T_G	stool_travel_time	-0.0044298985994964	0.007589187790632885	-0.5837118176155947	0.5605879153931276	1	FALSE
Fiber Degraders	chr4_89840793_T_G	dosage	0.0018272455310672127	0.018974313114223467	0.09630101074370268	0.9234536138524643	1	FALSE
Fiber Degraders	chr4_89859751_C_T	(Intercept)	0.23157849253858176	0.09175661054008327	2.523834426484381	0.013010159544804405	0.4683657436129586	FALSE
Fiber Degraders	chr4_89859751_C_T	Age_at_collection	-0.0013761011882447223	0.0012736442492789852	-1.0804439222520248	0.2822656254031806	1	FALSE
Fiber Degraders	chr4_89859751_C_T	seqs_scaled	-0.011687989009287577	0.009953805609430419	-1.1742231532243468	0.24279636989946798	1	FALSE
Fiber Degraders	chr4_89859751_C_T	stool_travel_time	-0.002838762119210708	0.0074486012850373245	-0.3811134480930245	0.7038410490588671	1	FALSE
Fiber Degraders	chr4_89859751_C_T	dosage	-0.07922617345176398	0.03460657263316672	-2.2893389152277424	0.023933957916101138	0.861622484979641	FALSE
Fiber Degraders	chr6_32441753_G_A	(Intercept)	0.20977142602203153	0.09516532270959144	2.2042842923170087	0.02954944104401111	1	FALSE
Fiber Degraders	chr6_32441753_G_A	Age_at_collection	-0.0010814604310273811	0.0012979186165214848	-0.8332266886854376	0.40649027586168396	1	FALSE
Fiber Degraders	chr6_32441753_G_A	seqs_scaled	-0.010953550863263889	0.01022628663675759	-1.0711171368786205	0.286419513849416	1	FALSE
Fiber Degraders	chr6_32441753_G_A	stool_travel_time	-0.004567355909469765	0.007623719104232794	-0.5990981366212594	0.5503173458433366	1	FALSE
Fiber Degraders	chr6_32441753_G_A	dosage	-0.0026415129724057973	0.016950534441569097	-0.15583655969736343	0.8764423827664503	1	FALSE
Fiber Degraders	chr6_32602640_A_C	(Intercept)	0.2122938747900774	0.09353898218946592	2.2695764890841983	0.025147625490637534	0.9053145176629512	FALSE
Fiber Degraders	chr6_32602640_A_C	Age_at_collection	-0.0011083373855825382	0.0012951529716930972	-0.8557578987242386	0.39395877677447066	1	FALSE
Fiber Degraders	chr6_32602640_A_C	seqs_scaled	-0.010766213933852124	0.010160363151863062	-1.0596288511477043	0.29159332832354456	1	FALSE
Fiber Degraders	chr6_32602640_A_C	stool_travel_time	-0.004427204134511659	0.007575021378213051	-0.5844477412624858	0.5600945417016965	1	FALSE
Fiber Degraders	chr6_32602640_A_C	dosage	-0.012888787801271298	0.021725866224785395	-0.5932462102048413	0.5542124993466936	1	FALSE
Fiber Degraders	chr6_32604184_T_C	(Intercept)	0.21228433039762198	0.09353888659730408	2.269476771853518	0.025153883875693374	0.9055398195249614	FALSE
Fiber Degraders	chr6_32604184_T_C	Age_at_collection	-0.0011082733477885906	0.0012951563425269708	-0.8557062274244405	0.3939872417284521	1	FALSE
Fiber Degraders	chr6_32604184_T_C	seqs_scaled	-0.01076615675710753	0.010160403292984333	-1.0596190374196528	0.29159777503631695	1	FALSE
Fiber Degraders	chr6_32604184_T_C	stool_travel_time	-0.0044272032383380865	0.007575051000188749	-0.5844453374938033	0.5600961528751607	1	FALSE
Fiber Degraders	chr6_32604184_T_C	dosage	-0.012873995664493104	0.02172785802509938	-0.5925110358150096	0.5547028104928795	1	FALSE
Fiber Degraders	chr6_32684419_T_C	(Intercept)	0.20542309595809272	0.0934315381632093	2.1986483364884015	0.029959155028911184	1	FALSE
Fiber Degraders	chr6_32684419_T_C	Age_at_collection	-0.0010844040649028463	0.0012968794231776022	-0.8361641379472652	0.40484297492334886	1	FALSE
Fiber Degraders	chr6_32684419_T_C	seqs_scaled	-0.010834354229877887	0.010176030922187551	-1.0646935246879945	0.289304628314258	1	FALSE
Fiber Degraders	chr6_32684419_T_C	stool_travel_time	-0.004478819298019511	0.00758666054266754	-0.590354514061956	0.5561423022068193	1	FALSE
Fiber Degraders	chr6_32684419_T_C	dosage	0.004968039591000125	0.023790654006083767	0.20882316180672014	0.8349656068939084	1	FALSE
Fiber Degraders	chr6_32698883_C_T	(Intercept)	0.2063273312495693	0.09343722263671567	2.2081920398230466	0.029268236634775707	1	FALSE
Fiber Degraders	chr6_32698883_C_T	Age_at_collection	-0.0010887078073182812	0.0012969815907293099	-0.8394165461562846	0.4030237742439978	1	FALSE
Fiber Degraders	chr6_32698883_C_T	seqs_scaled	-0.010800465905194406	0.01017633554683531	-1.06133154272347	0.29082251841705137	1	FALSE
Fiber Degraders	chr6_32698883_C_T	stool_travel_time	-0.004455121609570831	0.007587081467998213	-0.5871983355341875	0.5582523949354212	1	FALSE
Fiber Degraders	chr6_32698883_C_T	dosage	0.0016829225305744272	0.0235166521910517	0.07156301487568006	0.9430773080355933	1	FALSE
Lactobacilli	chr4_89587189_T_G	(Intercept)	-8.899504002062865e-4	5.359969738894932e-4	-1.660364598233288	0.09963836358997472	1	FALSE
Lactobacilli	chr4_89587189_T_G	Age_at_collection	1.372908689828075e-5	7.384200122500817e-6	1.859251736209866	0.065616136003475	1	FALSE
Lactobacilli	chr4_89587189_T_G	seqs_scaled	-9.790926618549333e-6	5.834857760594192e-5	-0.16780060492086912	0.8670427688158373	1	FALSE
Lactobacilli	chr4_89587189_T_G	stool_travel_time	2.1005668920735768e-5	4.3111486036792296e-5	0.48724066024560286	0.6270400804512661	1	FALSE
Lactobacilli	chr4_89587189_T_G	dosage	-1.5121454817985111e-5	1.1947176858548011e-4	-0.12656927236467547	0.8995082621150697	1	FALSE
Lactobacilli	chr4_89685975_C_G	(Intercept)	-9.272893838327232e-4	5.30072212353292e-4	-1.7493642606088673	0.0829673070725996	1	FALSE
Lactobacilli	chr4_89685975_C_G	Age_at_collection	1.3114797270212201e-5	7.419480389341736e-6	1.7676166769106805	0.07984834651234905	1	FALSE
Lactobacilli	chr4_89685975_C_G	seqs_scaled	-1.004429219572973e-5	5.7712982701776804e-5	-0.17403869503040773	0.8621492396605309	1	FALSE
Lactobacilli	chr4_89685975_C_G	stool_travel_time	2.2617525325864203e-5	4.309111461150905e-5	0.5248767763325243	0.6007062796665795	1	FALSE
Lactobacilli	chr4_89685975_C_G	dosage	6.284026600523938e-5	9.18410375535727e-5	0.6842286158688419	0.4952441690201266	1	FALSE
Lactobacilli	chr4_89715479_G_A	(Intercept)	-8.801504397929833e-4	5.367348634100236e-4	-1.639823495349541	0.1038476966508144	1	FALSE
Lactobacilli	chr4_89715479_G_A	Age_at_collection	1.3927304338845899e-5	7.390864446058362e-6	1.8843945035784684	0.062104115096611345	1	FALSE
Lactobacilli	chr4_89715479_G_A	seqs_scaled	-1.1062055992955278e-5	5.7822103656551546e-5	-0.19131189101422272	0.8486276348688102	1	FALSE
Lactobacilli	chr4_89715479_G_A	stool_travel_time	2.073553512346715e-5	4.3107482565246354e-5	0.4810193936071861	0.6314410949483129	1	FALSE
Lactobacilli	chr4_89715479_G_A	dosage	-2.1282430960762476e-5	9.20421062793962e-5	-0.2312249449850605	0.817561940052141	1	FALSE
Lactobacilli	chr4_89716450_G_A	(Intercept)	-9.050791214179616e-4	5.340084195815493e-4	-1.6948779986038132	0.09287725233903807	1	FALSE
Lactobacilli	chr4_89716450_G_A	Age_at_collection	1.374787839343453e-5	7.393631140686105e-6	1.8594217282198326	0.06559184508194711	1	FALSE
Lactobacilli	chr4_89716450_G_A	seqs_scaled	-1.0502846515368338e-5	5.7960958035335824e-5	-0.18120553681954826	0.8565337650281425	1	FALSE
Lactobacilli	chr4_89716450_G_A	stool_travel_time	2.1008333171401274e-5	4.3125186751504436e-5	0.4871476451210589	0.6271057822719928	1	FALSE
Lactobacilli	chr4_89716450_G_A	dosage	5.977438180969414e-6	8.54137734276698e-5	0.06998213450938608	0.9443326796460032	1	FALSE
Lactobacilli	chr4_89718364_G_T	(Intercept)	-8.80759679690832e-4	5.295801910539412e-4	-1.6631280674188225	0.09908274240068311	1	FALSE
Lactobacilli	chr4_89718364_G_T	Age_at_collection	1.3706849285795103e-5	7.356177974672776e-6	1.8633112647610763	0.06503810110206676	1	FALSE
Lactobacilli	chr4_89718364_G_T	seqs_scaled	-6.518113141340955e-6	5.808858951602236e-5	-0.11220987108910759	0.9108578649654802	1	FALSE
Lactobacilli	chr4_89718364_G_T	stool_travel_time	2.1542481147595116e-5	4.303971900029606e-5	0.5005255993294689	0.6176871793926195	1	FALSE
Lactobacilli	chr4_89718364_G_T	dosage	-1.2561835269795846e-4	1.9369250514307293e-4	-0.6485452423942227	0.517959884316275	1	FALSE
Lactobacilli	chr4_89720189_T_C	(Intercept)	-9.049866255528788e-4	5.34041080564189e-4	-1.6946011430371677	0.09292996446370592	1	FALSE
Lactobacilli	chr4_89720189_T_C	Age_at_collection	1.374890750974122e-5	7.393584376925506e-6	1.8595726793420952	0.0655702812966148	1	FALSE
Lactobacilli	chr4_89720189_T_C	seqs_scaled	-1.0507916672982556e-5	5.796246922202991e-5	-0.18128828557546667	0.8564689708297428	1	FALSE
Lactobacilli	chr4_89720189_T_C	stool_travel_time	2.1021026589407848e-5	4.313161653334068e-5	0.48736931928249483	0.6269492062691088	1	FALSE
Lactobacilli	chr4_89720189_T_C	dosage	5.7598044966936926e-6	8.425630770823545e-5	0.06836051392898519	0.9456205484818965	1	FALSE
Lactobacilli	chr4_89723303_A_G	(Intercept)	-8.807774796798675e-4	5.295850790146339e-4	-1.663146328289074	0.0990790792342861	1	FALSE
Lactobacilli	chr4_89723303_A_G	Age_at_collection	1.3706653024376194e-5	7.356235228650494e-6	1.8632700829077062	0.06504394353031713	1	FALSE
Lactobacilli	chr4_89723303_A_G	seqs_scaled	-6.530497178534318e-6	5.808810065471084e-5	-0.11242400947748506	0.9106884695859454	1	FALSE
Lactobacilli	chr4_89723303_A_G	stool_travel_time	2.1542375176394348e-5	4.304003289400553e-5	0.5005194868100274	0.6176914684924857	1	FALSE
Lactobacilli	chr4_89723303_A_G	dosage	-1.2538444058423186e-4	1.9366992087380166e-4	-0.647413083139195	0.5186894442573607	1	FALSE
Lactobacilli	chr4_89744890_C_T	(Intercept)	-9.050796248539969e-4	5.340067708685538e-4	-1.69488417418734	0.09287607681153427	1	FALSE
Lactobacilli	chr4_89744890_C_T	Age_at_collection	1.3747904809950414e-5	7.393585278355898e-6	1.8594368350895005	0.06558968675706092	1	FALSE
Lactobacilli	chr4_89744890_C_T	seqs_scaled	-1.050389683582654e-5	5.7959838981122326e-5	-0.18122715694996475	0.8565168358691344	1	FALSE
Lactobacilli	chr4_89744890_C_T	stool_travel_time	2.1013254453382352e-5	4.3127160000329225e-5	0.48723946703705834	0.6270409232626776	1	FALSE
Lactobacilli	chr4_89744890_C_T	dosage	5.959888979823712e-6	8.513766942896667e-5	0.07000296131897592	0.9443161402310256	1	FALSE
Lactobacilli	chr4_89757390_G_A	(Intercept)	-9.129150292959072e-4	5.299540711857605e-4	-1.7226304673031003	0.08771548445803387	1	FALSE
Lactobacilli	chr4_89757390_G_A	Age_at_collection	1.3362884447638075e-5	7.42236747402418e-6	1.8003533905325666	0.07449646714256378	1	FALSE
Lactobacilli	chr4_89757390_G_A	seqs_scaled	-1.0586768565787852e-5	5.7772105225855964e-5	-0.18325052418290155	0.8549327806376246	1	FALSE
Lactobacilli	chr4_89757390_G_A	stool_travel_time	2.1590237669011528e-5	4.309550304588912e-5	0.5009858603117298	0.6173642563595587	1	FALSE
Lactobacilli	chr4_89757390_G_A	dosage	3.746413126052516e-5	8.272276367063501e-5	0.4528878098136391	0.6515056405196746	1	FALSE
Lactobacilli	chr4_89761323_T_C	(Intercept)	-8.807547379794438e-4	5.295835383255353e-4	-1.6631082241798145	0.09908672311754713	1	FALSE
Lactobacilli	chr4_89761323_T_C	Age_at_collection	1.3706504121892872e-5	7.356210760571235e-6	1.8632560387419508	0.0650459360623526	1	FALSE
Lactobacilli	chr4_89761323_T_C	seqs_scaled	-6.525262405024639e-6	5.808809655836895e-5	-0.11233389957041935	0.910759751035112	1	FALSE
Lactobacilli	chr4_89761323_T_C	stool_travel_time	2.154236758766032e-5	4.303985841083703e-5	0.5005213395924221	0.6176901684103633	1	FALSE
Lactobacilli	chr4_89761323_T_C	dosage	-1.2551128525138962e-4	1.9367995463570766e-4	-0.6480344622522429	0.5182889628618171	1	FALSE
Lactobacilli	chr4_89838405_C_T	(Intercept)	-9.37805551091311e-4	5.321518399606562e-4	-1.762289408152091	0.0807485250090313	1	FALSE
Lactobacilli	chr4_89838405_C_T	Age_at_collection	1.3507091978397442e-5	7.369829169139515e-6	1.8327550976292848	0.06949529911423417	1	FALSE
Lactobacilli	chr4_89838405_C_T	seqs_scaled	-1.4857709388963202e-5	5.8087071326624824e-5	-0.25578341358299833	0.7985872583395213	1	FALSE
Lactobacilli	chr4_89838405_C_T	stool_travel_time	2.0483937530724777e-5	4.304029283675461e-5	0.4759246784964333	0.6350550673153851	1	FALSE
Lactobacilli	chr4_89838405_C_T	dosage	5.482485369441719e-5	8.74721149379936e-5	0.6267694994374025	0.5320858457421638	1	FALSE
Lactobacilli	chr4_89840793_T_G	(Intercept)	-0.0010969906739990301	5.48361204755202e-4	-2.0004892112831834	0.04786686712825765	1	FALSE
Lactobacilli	chr4_89840793_T_G	Age_at_collection	1.3477182351004893e-5	7.320738748084944e-6	1.8409593368607005	0.06827428279863518	1	FALSE
Lactobacilli	chr4_89840793_T_G	seqs_scaled	-1.7926969692644443e-5	5.768908964252731e-5	-0.3107514749102405	0.756567143468929	1	FALSE
Lactobacilli	chr4_89840793_T_G	stool_travel_time	2.2367770306271082e-5	4.2819189135651745e-5	0.5223772508958471	0.6024394106638733	1	FALSE
Lactobacilli	chr4_89840793_T_G	dosage	1.356836728542836e-4	1.0705555381826411e-4	1.2674136746293252	0.2076362528325405	1	FALSE
Lactobacilli	chr4_89859751_C_T	(Intercept)	-8.647501297311091e-4	5.326787600354214e-4	-1.6233989312312846	0.10731550560682923	1	FALSE
Lactobacilli	chr4_89859751_C_T	Age_at_collection	1.33800762476497e-5	7.393943994212838e-6	1.8095993502415144	0.07303986408549665	1	FALSE
Lactobacilli	chr4_89859751_C_T	seqs_scaled	-1.2066221457381192e-5	5.778527343649857e-5	-0.20881135866980038	0.8349747990375217	1	FALSE
Lactobacilli	chr4_89859751_C_T	stool_travel_time	2.323733114896555e-5	4.324169858888434e-5	0.5373824781929105	0.592069526085322	1	FALSE
Lactobacilli	chr4_89859751_C_T	dosage	-1.1371722942115031e-4	2.0090308579192938e-4	-0.5660302775982474	0.5725055689840126	1	FALSE
Lactobacilli	chr6_32441753_G_A	(Intercept)	-8.996331598124492e-4	5.408080529299252e-4	-1.663498083910778	0.099008537741428	1	FALSE
Lactobacilli	chr6_32441753_G_A	Age_at_collection	1.3792430541843313e-5	7.3758467882728205e-6	1.8699453686826166	0.0641026385442065	1	FALSE
Lactobacilli	chr6_32441753_G_A	seqs_scaled	-1.0821184399115386e-5	5.8114216473631385e-5	-0.1862054597952872	0.8526204843226249	1	FALSE
Lactobacilli	chr6_32441753_G_A	stool_travel_time	2.089766344359962e-5	4.3324275770351264e-5	0.48235459386261276	0.6304954311448128	1	FALSE
Lactobacilli	chr6_32441753_G_A	dosage	-6.255941196352051e-7	9.632695257537027e-5	-0.006494486775606379	0.9948297395196377	1	FALSE
Lactobacilli	chr6_32602640_A_C	(Intercept)	-9.372724342178746e-4	5.311819404231052e-4	-1.764503577571376	0.08037337523086892	1	FALSE
Lactobacilli	chr6_32602640_A_C	Age_at_collection	1.3911414663272944e-5	7.3548145654953115e-6	1.8914704836390497	0.061144622863399396	1	FALSE
Lactobacilli	chr6_32602640_A_C	seqs_scaled	-1.097169021657495e-5	5.769788475438246e-5	-0.19015758139628494	0.8495298787769932	1	FALSE
Lactobacilli	chr6_32602640_A_C	stool_travel_time	2.077742084474602e-5	4.301644576670251e-5	0.4830111013223012	0.6300306804204951	1	FALSE
Lactobacilli	chr6_32602640_A_C	dosage	8.63671106335339e-5	1.2337516945907023e-4	0.7000364093699278	0.4853561154906707	1	FALSE
Lactobacilli	chr6_32604184_T_C	(Intercept)	-9.372533385420619e-4	5.311793834702139e-4	-1.7644761218309195	0.08037801829410104	1	FALSE
Lactobacilli	chr6_32604184_T_C	Age_at_collection	1.3911132347291393e-5	7.354805819773799e-6	1.8914343475786337	0.06114949106922805	1	FALSE
Lactobacilli	chr6_32604184_T_C	seqs_scaled	-1.0972302850941347e-5	5.769789392737649e-5	-0.19016816913199686	0.8495216021674856	1	FALSE
Lactobacilli	chr6_32604184_T_C	stool_travel_time	2.077723450379018e-5	4.301645087308165e-5	0.483006712131891	0.6300337870967415	1	FALSE
Lactobacilli	chr6_32604184_T_C	dosage	8.637296134414109e-5	1.233860124889841e-4	0.7000223088646492	0.48536488708139114	1	FALSE
Lactobacilli	chr6_32684419_T_C	(Intercept)	-9.478296686159212e-4	5.270811486101214e-4	-1.798261370408117	0.07482935825231904	1	FALSE
Lactobacilli	chr6_32684419_T_C	Age_at_collection	1.3995251101982805e-5	7.316166568757712e-6	1.9129213325659977	0.058311650173896605	1	FALSE
Lactobacilli	chr6_32684419_T_C	seqs_scaled	-1.2182603296308155e-5	5.740667629156894e-5	-0.2122157923659022	0.8323244183655981	1	FALSE
Lactobacilli	chr6_32684419_T_C	stool_travel_time	1.9895110778038e-5	4.279910008501714e-5	0.4648488108048507	0.6429421924168277	1	FALSE
Lactobacilli	chr6_32684419_T_C	dosage	1.735498981166206e-4	1.3421169645958325e-4	1.293105613703972	0.19863544723735466	1	FALSE
Lactobacilli	chr6_32698883_C_T	(Intercept)	-9.447042398097214e-4	5.27358967511955e-4	-1.7913874571371642	0.07593184438437008	1	FALSE
Lactobacilli	chr6_32698883_C_T	Age_at_collection	1.3942575685210973e-5	7.320154144867074e-6	1.904683345362006	0.05938627846764162	1	FALSE
Lactobacilli	chr6_32698883_C_T	seqs_scaled	-1.1384168867766006e-5	5.743515973178664e-5	-0.1982090573253095	0.843240825039576	1	FALSE
Lactobacilli	chr6_32698883_C_T	stool_travel_time	2.0360168437436855e-5	4.2821429581110086e-5	0.4754668080119021	0.6353802947130515	1	FALSE
Lactobacilli	chr6_32698883_C_T	dosage	1.6402466025805862e-4	1.3272780449638053e-4	1.2357972836244087	0.2191196300728391	1	FALSE
Opportunistic Pathogens	chr4_89587189_T_G	(Intercept)	0.008314947970969518	0.009267655670442411	0.8972007880578268	0.37153632446602225	1	FALSE
Opportunistic Pathogens	chr4_89587189_T_G	Age_at_collection	-5.675613130544405e-5	1.2767651212725945e-4	-0.444530715632906	0.6575167379530842	1	FALSE
Opportunistic Pathogens	chr4_89587189_T_G	seqs_scaled	0.0015957088708275587	0.0010088760803777306	1.5816698421773598	0.11654491043454367	1	FALSE
Opportunistic Pathogens	chr4_89587189_T_G	stool_travel_time	-7.470065501267504e-5	7.454191487887967e-4	-0.10021295419369532	0.9203544260243283	1	FALSE
Opportunistic Pathogens	chr4_89587189_T_G	dosage	-0.0019637509740084726	0.002065726613257494	-0.9506344941317216	0.34383686822635007	1	FALSE
Opportunistic Pathogens	chr4_89685975_C_G	(Intercept)	0.005518389613353386	0.009035130949538022	0.610770296985629	0.5425891606618545	1	FALSE
Opportunistic Pathogens	chr4_89685975_C_G	Age_at_collection	-8.507906850897569e-5	1.264657443513613e-4	-0.6727439825333212	0.5024958444366368	1	FALSE
Opportunistic Pathogens	chr4_89685975_C_G	seqs_scaled	0.0015065072885277727	9.837232438274553e-4	1.5314340674377858	0.1284819028787419	1	FALSE
Opportunistic Pathogens	chr4_89685975_C_G	stool_travel_time	5.76210443465172e-6	7.344921205132808e-4	0.007845018719363555	0.9937546014689551	1	FALSE
Opportunistic Pathogens	chr4_89685975_C_G	dosage	0.0033746396077764538	0.0015654391637585244	2.1557143106565375	0.03324594295591485	1	FALSE
Opportunistic Pathogens	chr4_89715479_G_A	(Intercept)	0.003912349428315024	0.009149058901721331	0.4276231545059725	0.6697465754195531	1	FALSE
Opportunistic Pathogens	chr4_89715479_G_A	Age_at_collection	-6.951201694779992e-5	1.259829736455371e-4	-0.5517572330319602	0.5822139275931	1	FALSE
Opportunistic Pathogens	chr4_89715479_G_A	seqs_scaled	0.0015089399079612211	9.856222657388628e-4	1.5309515221128431	0.12860106898096138	1	FALSE
Opportunistic Pathogens	chr4_89715479_G_A	stool_travel_time	-5.635216485700581e-5	7.348002225692555e-4	-0.07669045697886213	0.9390066262270402	1	FALSE
Opportunistic Pathogens	chr4_89715479_G_A	dosage	0.0032183248261957575	0.0015689285514986061	2.0512883286633317	0.04257180599493461	1	FALSE
Opportunistic Pathogens	chr4_89716450_G_A	(Intercept)	0.0041375015548403195	0.009027192821240414	0.45833756260363023	0.6475980359068763	1	FALSE
Opportunistic Pathogens	chr4_89716450_G_A	Age_at_collection	-7.414788065593742e-5	1.249862951756487e-4	-0.5932480881342563	0.5542112471711984	1	FALSE
Opportunistic Pathogens	chr4_89716450_G_A	seqs_scaled	0.0016343098742146506	9.798061699079596e-4	1.667993042305677	0.0981106850266723	1	FALSE
Opportunistic Pathogens	chr4_89716450_G_A	stool_travel_time	-3.572561112375715e-5	7.290135548104078e-4	-0.049005414080466846	0.9610022654253678	1	FALSE
Opportunistic Pathogens	chr4_89716450_G_A	dosage	0.003567805118314094	0.001443884729243615	2.4709764194147987	0.01498063140054625	0.539302730419665	FALSE
Opportunistic Pathogens	chr4_89718364_G_T	(Intercept)	0.00760698485182578	0.00914860472831172	0.8314912577089305	0.4074653957621204	1	FALSE
Opportunistic Pathogens	chr4_89718364_G_T	Age_at_collection	-5.1535945724212105e-5	1.2707945980279135e-4	-0.4055411142303274	0.6858534634951243	1	FALSE
Opportunistic Pathogens	chr4_89718364_G_T	seqs_scaled	0.0016065306375206998	0.001003492112591332	1.6009399748764668	0.11220717241938143	1	FALSE
Opportunistic Pathogens	chr4_89718364_G_T	stool_travel_time	-6.489013997644256e-5	7.435198359056635e-4	-0.08727425529596188	0.9306093636209745	1	FALSE
Opportunistic Pathogens	chr4_89718364_G_T	dosage	-0.004114829403281551	0.0033460771349167924	-1.2297473242151888	0.22136874188378278	1	FALSE
Opportunistic Pathogens	chr4_89720189_T_C	(Intercept)	0.0040823545439032495	0.009019942370872879	0.4525920871829463	0.6517179598042002	1	FALSE
Opportunistic Pathogens	chr4_89720189_T_C	Age_at_collection	-7.451794966673252e-5	1.2487748119227013e-4	-0.5967284810301343	0.5518929866986189	1	FALSE
Opportunistic Pathogens	chr4_89720189_T_C	seqs_scaled	0.0016378293428273114	9.789848591869941e-4	1.672987408801664	0.09712081977167464	1	FALSE
Opportunistic Pathogens	chr4_89720189_T_C	stool_travel_time	-2.5882758172826374e-5	7.284920760820753e-4	-0.03552922402674192	0.9717209893408054	1	FALSE
Opportunistic Pathogens	chr4_89720189_T_C	dosage	0.0035747280287477977	0.001423087226001277	2.511952860958777	0.013431647976933872	0.4835393271696194	FALSE
Opportunistic Pathogens	chr4_89723303_A_G	(Intercept)	0.007607264092459939	0.009148678365149574	0.8315150876260546	0.40745199642633223	1	FALSE
Opportunistic Pathogens	chr4_89723303_A_G	Age_at_collection	-5.1546063458101333e-5	1.2708029880775063e-4	-0.405618053637733	0.6857970857857698	1	FALSE
Opportunistic Pathogens	chr4_89723303_A_G	seqs_scaled	0.0016063124379816051	0.001003482482401471	1.6007378964279273	0.11225198180708541	1	FALSE
Opportunistic Pathogens	chr4_89723303_A_G	stool_travel_time	-6.486642627256213e-5	7.435243804552766e-4	-0.08724182821394903	0.9306350800391918	1	FALSE
Opportunistic Pathogens	chr4_89723303_A_G	dosage	-0.004112693841126369	0.0033456830361895807	-1.2292538763057308	0.2215529212181046	1	FALSE
Opportunistic Pathogens	chr4_89744890_C_T	(Intercept)	0.004145933978897161	0.00902853652740525	0.45920332340823783	0.6469781657384306	1	FALSE
Opportunistic Pathogens	chr4_89744890_C_T	Age_at_collection	-7.405390018271524e-5	1.25004510046846e-4	-0.5924098270931442	0.5547703266327166	1	FALSE
Opportunistic Pathogens	chr4_89744890_C_T	seqs_scaled	0.0016331677267519822	9.79936120496117e-4	1.666606315037301	0.09838697333545196	1	FALSE
Opportunistic Pathogens	chr4_89744890_C_T	stool_travel_time	-3.294971106985927e-5	7.291576823134849e-4	-0.04518873196990234	0.9640373474563941	1	FALSE
Opportunistic Pathogens	chr4_89744890_C_T	dosage	0.0035463466949389563	0.001439435977651278	2.4637057500296167	0.01527156198418274	0.5497762314305786	FALSE
Opportunistic Pathogens	chr4_89757390_G_A	(Intercept)	0.005710621318512936	0.0089252928051264	0.6398245349702073	0.5235933356131482	1	FALSE
Opportunistic Pathogens	chr4_89757390_G_A	Age_at_collection	-9.146346533675439e-5	1.2500480063241416e-4	-0.7316796224947348	0.4658923258184192	1	FALSE
Opportunistic Pathogens	chr4_89757390_G_A	seqs_scaled	0.0014864437745949295	9.729766844806383e-4	1.5277280517655702	0.12939934958996846	1	FALSE
Opportunistic Pathogens	chr4_89757390_G_A	stool_travel_time	-1.8764261168591208e-5	7.257987138548695e-4	-0.02585325767378434	0.9794203903763875	1	FALSE
Opportunistic Pathogens	chr4_89757390_G_A	dosage	0.0037390994422038574	0.001393186556257044	2.6838469158426124	0.008382143779930283	0.3017571760774902	FALSE
Opportunistic Pathogens	chr4_89761323_T_C	(Intercept)	0.007607331526318233	0.00914869696229661	0.8315207682218992	0.407448802320605	1	FALSE
Opportunistic Pathogens	chr4_89761323_T_C	Age_at_collection	-5.154804316732459e-5	1.270805041486816e-4	-0.40563297661311154	0.6857861511112404	1	FALSE
Opportunistic Pathogens	chr4_89761323_T_C	seqs_scaled	0.0016063366290834612	0.0010034873708677694	1.6007542055007387	0.1122483648614992	1	FALSE
Opportunistic Pathogens	chr4_89761323_T_C	stool_travel_time	-6.48880406499586e-5	7.43525040725222e-4	-0.08727082088138939	0.9306120872927722	1	FALSE
Opportunistic Pathogens	chr4_89761323_T_C	dosage	-0.004112506464164818	0.0033458729065408443	-1.2291281166494048	0.22159987877329268	1	FALSE
Opportunistic Pathogens	chr4_89838405_C_T	(Intercept)	0.006364303929737595	0.009239910026748581	0.6887841885162945	0.4923834395605484	1	FALSE
Opportunistic Pathogens	chr4_89838405_C_T	Age_at_collection	-5.3346809383809026e-5	1.279645268921573e-4	-0.41688748186258917	0.6775586489956842	1	FALSE
Opportunistic Pathogens	chr4_89838405_C_T	seqs_scaled	0.0014014252189588244	0.001008583025504567	1.3894991126364922	0.167437132332947	1	FALSE
Opportunistic Pathogens	chr4_89838405_C_T	stool_travel_time	-9.218493873316393e-5	7.473213535556441e-4	-0.12335381331546552	0.9020480215898108	1	FALSE
Opportunistic Pathogens	chr4_89838405_C_T	dosage	8.798759702854562e-4	0.0015188042419175456	0.5793215122803324	0.5635356629299126	1	FALSE
Opportunistic Pathogens	chr4_89840793_T_G	(Intercept)	0.01044865180037166	0.009516126746316314	1.097994181762693	0.2745619303923856	1	FALSE
Opportunistic Pathogens	chr4_89840793_T_G	Age_at_collection	-4.325417024708641e-5	1.2704231663241943e-4	-0.34047057227582506	0.734139954021032	1	FALSE
Opportunistic Pathogens	chr4_89840793_T_G	seqs_scaled	0.0015933387480144678	0.0010011224064674056	1.5915523793306923	0.11430394345491304	1	FALSE
Opportunistic Pathogens	chr4_89840793_T_G	stool_travel_time	-1.1064006954411592e-4	7.43073775927047e-4	-0.1488951341420751	0.8819041457046659	1	FALSE
Opportunistic Pathogens	chr4_89840793_T_G	dosage	-0.002403247740022683	0.001857815998282516	-1.2935876008412024	0.19846939655504842	1	FALSE
Opportunistic Pathogens	chr4_89859751_C_T	(Intercept)	0.007648988885018691	0.009243745742516183	0.8274772043802026	0.409726257396562	1	FALSE
Opportunistic Pathogens	chr4_89859751_C_T	Age_at_collection	-5.667896995634948e-5	1.2830948677653887e-4	-0.4417363936234925	0.6595316835626204	1	FALSE
Opportunistic Pathogens	chr4_89859751_C_T	seqs_scaled	0.0014421804753984465	0.0010027664239386	1.4382017995117398	0.15316522424963724	1	FALSE
Opportunistic Pathogens	chr4_89859751_C_T	stool_travel_time	-4.070657370755825e-5	7.503870948479116e-4	-0.054247433074270365	0.9568346768717276	1	FALSE
Opportunistic Pathogens	chr4_89859751_C_T	dosage	-0.0021836171730735317	0.0034863358242855787	-0.6263358675497073	0.5323691388580469	1	FALSE
Opportunistic Pathogens	chr6_32441753_G_A	(Intercept)	0.0070050497292861265	0.009387803042131911	0.7461862693377644	0.4571182600284711	1	FALSE
Opportunistic Pathogens	chr6_32441753_G_A	Age_at_collection	-4.8684566323648984e-5	1.2803617945796115e-4	-0.3802406986037401	0.7044868994356868	1	FALSE
Opportunistic Pathogens	chr6_32441753_G_A	seqs_scaled	0.0014647084457164376	0.001008795662798609	1.4519376913784816	0.14931449760951004	1	FALSE
Opportunistic Pathogens	chr6_32441753_G_A	stool_travel_time	-8.665571208453424e-5	0.00075205937794673675	-0.11522456155140383	0.90847345867209	1	FALSE
Opportunistic Pathogens	chr6_32441753_G_A	dosage	-3.489405023760489e-5	0.001672124617093176	-0.020868091935794093	0.9833880120640104	1	FALSE
Opportunistic Pathogens	chr6_32602640_A_C	(Intercept)	0.005271238289634261	0.009099190158246407	0.5793085096542407	0.5635444044128265	1	FALSE
Opportunistic Pathogens	chr6_32602640_A_C	Age_at_collection	-4.3246501440903705e-5	1.2598857607390763e-4	-0.34325732370793977	0.7320483603074752	1	FALSE
Opportunistic Pathogens	chr6_32602640_A_C	seqs_scaled	0.0014581769529988001	9.88369492928408e-4	1.4753358571179842	0.1429280021275142	1	FALSE
Opportunistic Pathogens	chr6_32602640_A_C	stool_travel_time	-9.18954230442882e-5	7.368752402450732e-4	-0.12470960893424132	0.9009770086911805	1	FALSE
Opportunistic Pathogens	chr6_32602640_A_C	dosage	0.003962325201059815	0.0021134267607436966	1.8748344038501277	0.06342047333104577	1	FALSE
Opportunistic Pathogens	chr6_32604184_T_C	(Intercept)	0.005272713930954589	0.009099252369917224	0.5794667206271316	0.5634380458980678	1	FALSE
Opportunistic Pathogens	chr6_32604184_T_C	Age_at_collection	-4.3261415441942625e-5	1.2598989412700067e-4	-0.34337210727658946	0.7319622527260436	1	FALSE
Opportunistic Pathogens	chr6_32604184_T_C	seqs_scaled	0.0014581519140050181	9.883811653758456e-4	1.475293100562611	0.14293947561101292	1	FALSE
Opportunistic Pathogens	chr6_32604184_T_C	stool_travel_time	-9.190156171028061e-5	7.368839129168969e-4	-0.12471647175264759	0.9009715878598978	1	FALSE
Opportunistic Pathogens	chr6_32604184_T_C	dosage	0.003961190641555499	0.0021136371280456178	1.8741110235976164	0.06352102151109042	1	FALSE
Opportunistic Pathogens	chr6_32684419_T_C	(Intercept)	0.006237463328048063	0.00916454112492334	0.6806083624945529	0.4975239533168484	1	FALSE
Opportunistic Pathogens	chr6_32684419_T_C	Age_at_collection	-4.565927199923488e-5	1.2720870320058686e-4	-0.3589319822499711	0.7203217224960312	1	FALSE
Opportunistic Pathogens	chr6_32684419_T_C	seqs_scaled	0.001445360356597539	9.98149615304118e-4	1.448039787258911	0.15039955045230408	1	FALSE
Opportunistic Pathogens	chr6_32684419_T_C	stool_travel_time	-1.0089637041093031e-4	7.441626661722686e-4	-0.13558375741947457	0.8923937308458931	1	FALSE
Opportunistic Pathogens	chr6_32684419_T_C	dosage	0.0026608939099698457	0.0023335849041328438	1.140260165917824	0.25661046486165767	1	FALSE
Opportunistic Pathogens	chr6_32698883_C_T	(Intercept)	0.006287961810761239	0.009168439360677735	0.6858268417774026	0.49423951943445854	1	FALSE
Opportunistic Pathogens	chr6_32698883_C_T	Age_at_collection	-4.64757491726157e-5	1.2726509554709733e-4	-0.36518849864389014	0.7156594252261244	1	FALSE
Opportunistic Pathogens	chr6_32698883_C_T	seqs_scaled	0.0014576369967780895	9.985433293305816e-4	1.459763391294479	0.14715436152052339	1	FALSE
Opportunistic Pathogens	chr6_32698883_C_T	stool_travel_time	-9.373316362021488e-5	7.444752144904779e-4	-0.12590501576921706	0.9000328466310994	1	FALSE
Opportunistic Pathogens	chr6_32698883_C_T	dosage	0.002505316398319863	0.002307549320232936	1.0857043775198543	0.27994111327454735	1	FALSE
Strepto-Actino	chr4_89587189_T_G	(Intercept)	-8.506513573434384e-4	6.969932847179727e-4	-1.2204584692485825	0.2248544911223278	1	FALSE
Strepto-Actino	chr4_89587189_T_G	Age_at_collection	1.5478439501036398e-5	9.602177156055749e-6	1.611971873615631	0.10978254834312366	1	FALSE
Strepto-Actino	chr4_89587189_T_G	seqs_scaled	-4.4662028754485264e-5	7.587462009173893e-5	-0.5886293559095919	0.5572951841685037	1	FALSE
Strepto-Actino	chr4_89587189_T_G	stool_travel_time	1.689725027219429e-5	5.6060794604508306e-5	0.3014093965559925	0.763661225154672	1	FALSE
Strepto-Actino	chr4_89587189_T_G	dosage	-8.59059837369491e-5	1.553572584807677e-4	-0.5529576447024118	0.5813944277842086	1	FALSE
Strepto-Actino	chr4_89685975_C_G	(Intercept)	-8.976401108618305e-4	6.914512580025857e-4	-1.2981972344006838	0.1968865127943745	1	FALSE
Strepto-Actino	chr4_89685975_C_G	Age_at_collection	1.6128295371691707e-5	9.678321046409776e-6	1.6664352519773646	0.09842109912879801	1	FALSE
Strepto-Actino	chr4_89685975_C_G	seqs_scaled	-5.0631009969370764e-5	7.528354356675459e-5	-0.6725375503143765	0.5026267093747621	1	FALSE
Strepto-Actino	chr4_89685975_C_G	stool_travel_time	1.568649552644228e-5	5.6210087441827574e-5	0.2790690468623875	0.7807064880969482	1	FALSE
Strepto-Actino	chr4_89685975_C_G	dosage	-2.8078388977968577e-5	1.198017920440537e-4	-0.2343736975791109	0.8151227905362058	1	FALSE
Strepto-Actino	chr4_89715479_G_A	(Intercept)	-8.131840818126607e-4	6.967711732370279e-4	-1.167074805972249	0.24565895870863902	1	FALSE
Strepto-Actino	chr4_89715479_G_A	Age_at_collection	1.6481021536465692e-5	9.594571998916196e-6	1.7177443181756717	0.08860687648542911	1	FALSE
Strepto-Actino	chr4_89715479_G_A	seqs_scaled	-5.1632182082434027e-5	7.506271298987892e-5	-0.6878539294122749	0.4929668769272221	1	FALSE
Strepto-Actino	chr4_89715479_G_A	stool_travel_time	1.553401041030049e-5	5.596068608521938e-5	0.27758791925182297	0.781840446415819	1	FALSE
Strepto-Actino	chr4_89715479_G_A	dosage	-1.017153783475701e-4	1.194859711032224e-4	-0.8512746509772221	0.3964332235721725	1	FALSE
Strepto-Actino	chr4_89716450_G_A	(Intercept)	-8.397682797771635e-4	6.933650900448061e-4	-1.211148775492716	0.2283877626457243	1	FALSE
Strepto-Actino	chr4_89716450_G_A	Age_at_collection	1.645305130163517e-5	9.6000091639698e-6	1.713857874572226	0.0893211609619773	1	FALSE
Strepto-Actino	chr4_89716450_G_A	seqs_scaled	-5.444146265907833e-5	7.525743679986426e-5	-0.7234030944191886	0.47094039861437553	1	FALSE
Strepto-Actino	chr4_89716450_G_A	stool_travel_time	1.522197315743267e-5	5.5994433605722657e-5	0.27184797090039636	0.7862393987064945	1	FALSE
Strepto-Actino	chr4_89716450_G_A	dosage	-8.82001452005732e-5	1.1090261226620772e-4	-0.7952936671037099	0.42812491065739633	1	FALSE
Strepto-Actino	chr4_89718364_G_T	(Intercept)	-9.101612648560768e-4	6.908322611256148e-4	-1.3174851784905006	0.19036484463605163	1	FALSE
Strepto-Actino	chr4_89718364_G_T	Age_at_collection	1.5828493318184976e-5	9.596063352316771e-6	1.6494777844878976	0.10185180966825555	1	FALSE
Strepto-Actino	chr4_89718364_G_T	seqs_scaled	-5.040529717678059e-5	7.57760058228159e-5	-0.6651880978609686	0.5072976698043004	1	FALSE
Strepto-Actino	chr4_89718364_G_T	stool_travel_time	1.642735350827703e-5	5.614489910586004e-5	0.2925885302118648	0.7703780341221885	1	FALSE
Strepto-Actino	chr4_89718364_G_T	dosage	3.079602600848102e-6	2.526700083414648e-4	0.01218823959781664	0.9902971168440298	1	FALSE
Strepto-Actino	chr4_89720189_T_C	(Intercept)	-8.393701903328723e-4	6.933991556975173e-4	-1.2105151606198843	0.2286296844740678	1	FALSE
Strepto-Actino	chr4_89720189_T_C	Age_at_collection	1.645359059450004e-5	9.599832955027319e-6	1.713945510466772	0.08930500283410056	1	FALSE
Strepto-Actino	chr4_89720189_T_C	seqs_scaled	-5.447121680251739e-5	7.525849355678567e-5	-0.7237882958873817	0.4707047773553822	1	FALSE
Strepto-Actino	chr4_89720189_T_C	stool_travel_time	1.4998469635262e-5	5.600210840801186e-5	0.2678197314641866	0.7893306842986187	1	FALSE
Strepto-Actino	chr4_89720189_T_C	dosage	-8.71745834501316e-5	1.0939842411628576e-4	-0.7968541060287012	0.4272217467846908	1	FALSE
Strepto-Actino	chr4_89723303_A_G	(Intercept)	-9.101727627869202e-4	6.908341078376263e-4	-1.317498300186486	0.19036046345483362	1	FALSE
Strepto-Actino	chr4_89723303_A_G	Age_at_collection	1.582854918358484e-5	9.596075121081824e-6	1.6494815832371674	0.1018510304650382	1	FALSE
Strepto-Actino	chr4_89723303_A_G	seqs_scaled	-5.040758800597735e-5	7.57748712755378e-5	-0.6652282895035455	0.5072720632331995	1	FALSE
Strepto-Actino	chr4_89723303_A_G	stool_travel_time	1.642697986734393e-5	5.614494045216629e-5	0.29258165980849504	0.7703832725984188	1	FALSE
Strepto-Actino	chr4_89723303_A_G	dosage	3.1503560935405885e-6	2.5263889090451386e-4	0.012469798621508679	0.9900729833228061	1	FALSE
Strepto-Actino	chr4_89744890_C_T	(Intercept)	-8.395134723089258e-4	6.933479065976613e-4	-1.2108112887057176	0.22851659617962064	1	FALSE
Strepto-Actino	chr4_89744890_C_T	Age_at_collection	1.6454877068365887e-5	9.59974134159658e-6	1.7140958785072011	0.08927728383975071	1	FALSE
Strepto-Actino	chr4_89744890_C_T	seqs_scaled	-5.4440559771889405e-5	7.525435109921216e-5	-0.723420758756092	0.4709295921937945	1	FALSE
Strepto-Actino	chr4_89744890_C_T	stool_travel_time	1.5144782065528319e-5	5.599578083082225e-5	0.27046291418427804	0.7873019138167887	1	FALSE
Strepto-Actino	chr4_89744890_C_T	dosage	-8.825233470970716e-5	1.1054171611937862e-4	-0.7983622636580001	0.42634991272244327	1	FALSE
Strepto-Actino	chr4_89757390_G_A	(Intercept)	-9.023078764942738e-4	6.905294679882391e-4	-1.3066898927905588	0.19399481433265592	1	FALSE
Strepto-Actino	chr4_89757390_G_A	Age_at_collection	1.6077107045007056e-5	9.671335200016936e-6	1.6623461717032517	0.0992396950035725	1	FALSE
Strepto-Actino	chr4_89757390_G_A	seqs_scaled	-5.041607417292236e-5	7.527697824249263e-5	-0.6697409400589264	0.5044013808604584	1	FALSE
Strepto-Actino	chr4_89757390_G_A	stool_travel_time	1.6052746061445368e-5	5.615338462138593e-5	0.28587316988425493	0.7755033253252572	1	FALSE
Strepto-Actino	chr4_89757390_G_A	dosage	-2.1968812326226535e-5	1.0778765386251318e-4	-0.20381566477222432	0.8388674222393713	1	FALSE
Strepto-Actino	chr4_89761323_T_C	(Intercept)	-9.101840872700359e-4	6.90834549198668e-4	-1.3175138509297226	0.1903552713405094	1	FALSE
Strepto-Actino	chr4_89761323_T_C	Age_at_collection	1.582859895395804e-5	9.59607725092421e-6	1.649486403669121	0.10185004170017892	1	FALSE
Strepto-Actino	chr4_89761323_T_C	seqs_scaled	-5.041005733393336e-5	7.5775134790995e-5	-0.665258563682872	0.5072527756496014	1	FALSE
Strepto-Actino	chr4_89761323_T_C	stool_travel_time	1.6426641455932484e-5	5.614491205077439e-5	0.2925757803499118	0.7703877555174401	1	FALSE
Strepto-Actino	chr4_89761323_T_C	dosage	3.222450179696786e-6	2.526528762065299e-4	0.012754456739540973	0.9898463835916553	1	FALSE
Strepto-Actino	chr4_89838405_C_T	(Intercept)	-8.845153863562314e-4	6.937787429286189e-4	-1.274924311780531	0.2049745299751814	1	FALSE
Strepto-Actino	chr4_89838405_C_T	Age_at_collection	1.601671382657357e-5	9.60821786680716e-6	1.6669807084522295	0.0983123180815922	1	FALSE
Strepto-Actino	chr4_89838405_C_T	seqs_scaled	-4.756396334051697e-5	7.572946722944767e-5	-0.6280773532501699	0.5312318895048549	1	FALSE
Strepto-Actino	chr4_89838405_C_T	stool_travel_time	1.6739163839915132e-5	5.611263180405604e-5	0.2983136470655643	0.7660165167150146	1	FALSE
Strepto-Actino	chr4_89838405_C_T	dosage	-3.6827190037204734e-5	1.1403943270679215e-4	-0.322933823530072	0.7473474766818742	1	FALSE
Strepto-Actino	chr4_89840793_T_G	(Intercept)	-8.597780913462628e-4	7.189017450611362e-4	-1.1959605012130639	0.23423781871614202	1	FALSE
Strepto-Actino	chr4_89840793_T_G	Age_at_collection	1.5905916440421567e-5	9.597491243904445e-6	1.6572993958732423	0.1002575944724539	1	FALSE
Strepto-Actino	chr4_89840793_T_G	seqs_scaled	-4.8487947312091806e-5	7.563041815387975e-5	-0.6411170068296711	0.522756411261468	1	FALSE
Strepto-Actino	chr4_89840793_T_G	stool_travel_time	1.607650607229083e-5	5.613597301338057e-5	0.28638509692276704	0.7751122605184422	1	FALSE
Strepto-Actino	chr4_89840793_T_G	dosage	-3.443199446630813e-5	1.4034987119993983e-4	-0.24532971902237766	0.8066501077213524	1	FALSE
Strepto-Actino	chr4_89859751_C_T	(Intercept)	-8.492768407351891e-4	6.928798361382731e-4	-1.225720242442883	0.22287510160705046	1	FALSE
Strepto-Actino	chr4_89859751_C_T	Age_at_collection	1.5130145366849142e-5	9.617644042696745e-6	1.5731654550407665	0.11850124377600903	1	FALSE
Strepto-Actino	chr4_89859751_C_T	seqs_scaled	-5.247779843723903e-5	7.516397084656429e-5	-0.6981775689361118	0.48651320583221525	1	FALSE
Strepto-Actino	chr4_89859751_C_T	stool_travel_time	2.0365883093484686e-5	5.624647213381372e-5	0.36208285285934083	0.7179723929702088	1	FALSE
Strepto-Actino	chr4_89859751_C_T	dosage	-1.9299928083113527e-4	2.6132391153333947e-4	-0.7385442828354136	0.4617285991296326	1	FALSE
Strepto-Actino	chr6_32441753_G_A	(Intercept)	-0.0010219219002744141	7.021894684760936e-4	-1.4553364101176434	0.14837335180395625	1	FALSE
Strepto-Actino	chr6_32441753_G_A	Age_at_collection	1.5495637408588e-5	9.576858014149228e-6	1.6180293563603152	0.10846917005098497	1	FALSE
Strepto-Actino	chr6_32441753_G_A	seqs_scaled	-4.432059970050626e-5	7.545595993891648e-5	-0.5873704308630479	0.5581372373810252	1	FALSE
Strepto-Actino	chr6_32441753_G_A	stool_travel_time	2.0874990510916384e-5	5.6252583537687344e-5	0.3710938982372399	0.7112686108499688	1	FALSE
Strepto-Actino	chr6_32441753_G_A	dosage	9.919475715947624e-5	1.2507167979909037e-4	0.79310326141632	0.42939459003710323	1	FALSE
Strepto-Actino	chr6_32602640_A_C	(Intercept)	-0.0010557613546180262	6.790599912484785e-4	-1.5547394460347568	0.12282942507698902	1	FALSE
Strepto-Actino	chr6_32602640_A_C	Age_at_collection	1.6305333882644965e-5	9.40235338291291e-6	1.734175819457816	0.08563834191984185	1	FALSE
Strepto-Actino	chr6_32602640_A_C	seqs_scaled	-5.1045226897914936e-5	7.376064985409359e-5	-0.6920387360860815	0.4903452175727212	1	FALSE
Strepto-Actino	chr6_32602640_A_C	stool_travel_time	1.585629015807813e-5	5.4991981208190655e-5	0.2883382233138465	0.7736207847254497	1	FALSE
Strepto-Actino	chr6_32602640_A_C	dosage	3.416203632217216e-4	1.5772211951788632e-4	2.165963558351627	0.0324341301337846	1	FALSE
Strepto-Actino	chr6_32604184_T_C	(Intercept)	-0.0010556227630274097	6.790695150453765e-4	-1.5545135507325363	0.12288325316739564	1	FALSE
Strepto-Actino	chr6_32604184_T_C	Age_at_collection	1.6304010847077138e-5	9.402519330961142e-6	1.7340045016860937	0.08566886688533076	1	FALSE
Strepto-Actino	chr6_32604184_T_C	seqs_scaled	-5.104732754298524e-5	7.376205114067687e-5	-0.6920540678245137	0.49033562667463515	1	FALSE
Strepto-Actino	chr6_32604184_T_C	stool_travel_time	1.585580658999146e-5	5.499302371737259e-5	0.2883239639900456	0.7736316705836997	1	FALSE
Strepto-Actino	chr6_32604184_T_C	dosage	3.414959488437083e-4	1.5773895273737715e-4	2.164943680159155	0.03251413329119511	1	FALSE
Strepto-Actino	chr6_32684419_T_C	(Intercept)	-0.0010319073054855757	6.712251451733024e-4	-1.5373489996700727	0.12702824894704237	1	FALSE
Strepto-Actino	chr6_32684419_T_C	Age_at_collection	1.6353835004278446e-5	9.316961876128379e-6	1.7552755095177237	0.08194642208223292	1	FALSE
Strepto-Actino	chr6_32684419_T_C	seqs_scaled	-5.390181563206182e-5	7.310601930904499e-5	-0.7373102261826046	0.4624755541457366	1	FALSE
Strepto-Actino	chr6_32684419_T_C	stool_travel_time	1.3790160141532598e-5	5.4503622911966694e-5	0.25301364211707955	0.8007214804902241	1	FALSE
Strepto-Actino	chr6_32684419_T_C	dosage	4.4668211631252385e-4	1.7091536223139565e-4	2.613469675755526	0.010194051318275868	0.3669858474579313	FALSE
Strepto-Actino	chr6_32698883_C_T	(Intercept)	-0.001024598777327231	6.726569291143349e-4	-1.523211510920264	0.13052440857905984	1	FALSE
Strepto-Actino	chr6_32698883_C_T	Age_at_collection	1.622078370597468e-5	9.337003276839573e-6	1.73725800720348	0.08509068583009997	1	FALSE
Strepto-Actino	chr6_32698883_C_T	seqs_scaled	-5.1856769507879495e-5	7.325969699661758e-5	-0.7078485392899418	0.48050977158948527	1	FALSE
Strepto-Actino	chr6_32698883_C_T	stool_travel_time	1.4977746871567346e-5	5.4619591391820375e-5	0.2742193138012079	0.7844212136902167	1	FALSE
Strepto-Actino	chr6_32698883_C_T	dosage	4.2488616685360344e-4	1.6929697394137746e-4	2.509709163500636	0.01351260032766621	0.48645361179598356	FALSE
