cluster_name	term	estimate	std.error	statistic	p.value	p.adj_bonferroni	significant
Bifidobacteria	(Intercept)	0.04100851978646711	0.02497781765801459	1.6417975480459468	0.10107984074205834	1	FALSE
Bifidobacteria	Age_at_collection	-2.509674350224225e-4	3.6354093562049084e-4	-0.6903416106196455	0.4902075566009326	1	FALSE
Bifidobacteria	seqs_scaled	0.0021725547380480525	0.0031222615611560876	0.6958272699112419	0.48676729934579166	1	FALSE
Bifidobacteria	chr4_89587189_T_G	-0.008014046135255316	0.010528833427779636	-0.7611523337534034	0.44682168669675737	1	FALSE
Bifidobacteria	Case_statusPD	0.019109363044608547	0.008831830662324062	2.163692191940192	0.0308246437776424	1	FALSE
Bifidobacteria	chr4_89587189_T_G:Case_statusPD	0.02206258050222888	0.012351923031961635	1.7861656395639856	0.07450394065510225	1	FALSE
Bifidobacteria	(Intercept)	0.025258670818739188	0.025890627066468306	0.9755913116315524	0.3296030890038677	1	FALSE
Bifidobacteria	Age_at_collection	-2.232214167621713e-4	3.644862818590391e-4	-0.6124274845781429	0.5404532835496343	1	FALSE
Bifidobacteria	seqs_scaled	0.0017178828881235558	0.003121518121940836	0.5503357087850076	0.5822642031063139	1	FALSE
Bifidobacteria	chr4_89685975_C_G	0.009341189139440716	0.0089710719780336	1.041256737468318	0.2981148774417976	1	FALSE
Bifidobacteria	Case_statusPD	0.05392827917546201	0.013277620167771497	4.061592250270952	5.423255423121333e-5	0.0019523719523236798	TRUE
Bifidobacteria	chr4_89685975_C_G:Case_statusPD	-0.023863787455561544	0.010570599963395176	-2.257562251735872	0.02427940461556433	0.8740585661603159	FALSE
Bifidobacteria	(Intercept)	0.028714720057158794	0.02868060150309596	1.0011896038532926	0.3170801260918944	1	FALSE
Bifidobacteria	Age_at_collection	-2.2905651144186122e-4	3.6430713182962157e-4	-0.6287456144256487	0.5297201323177938	1	FALSE
Bifidobacteria	seqs_scaled	0.0018550998311940515	0.003136723825513596	0.5914131859824491	0.5544339945426482	1	FALSE
Bifidobacteria	chr4_89715479_G_A	0.004931307766777696	0.009839779381951554	0.501160399573883	0.6164153496615616	1	FALSE
Bifidobacteria	Case_statusPD	0.04928437012650066	0.017696797631827837	2.784931553823179	0.005498193391362851	0.19793496208906264	FALSE
Bifidobacteria	chr4_89715479_G_A:Case_statusPD	-0.014687138628688302	0.011403389389398536	-1.2879625633360017	0.19818338207905925	1	FALSE
Bifidobacteria	(Intercept)	0.021242376475830712	0.027599551195498423	0.7696638371168664	0.441758226121613	1	FALSE
Bifidobacteria	Age_at_collection	-1.317356240467596e-4	3.6411226712492053e-4	-0.3617994666506619	0.717610764769514	1	FALSE
Bifidobacteria	seqs_scaled	0.0019183244743020814	0.00312125225225942	0.6146009099115395	0.5390174588328073	1	FALSE
Bifidobacteria	chr4_89716450_G_A	0.006379723204882121	0.009178347018829611	0.6950841139253023	0.48723259269489916	1	FALSE
Bifidobacteria	Case_statusPD	0.056212290482220456	0.014982831054737413	3.751780306195652	1.9008018833493627e-4	0.006842886780057705	TRUE
Bifidobacteria	chr4_89716450_G_A:Case_statusPD	-0.023709357096480782	0.01070902821431786	-2.21395971903236	0.027152174081980958	0.9774782669513145	FALSE
Bifidobacteria	(Intercept)	0.029709056425123552	0.02480776438670906	1.197570887969268	0.23148832075050257	1	FALSE
Bifidobacteria	Age_at_collection	-1.249351544307215e-4	3.6623824695802175e-4	-0.3411308225408844	0.733107172998996	1	FALSE
Bifidobacteria	seqs_scaled	0.002158141996874785	0.003118436842406474	0.6920589083373462	0.48912916938999196	1	FALSE
Bifidobacteria	chr4_89718364_G_T	-0.003345117940711212	0.013902102577329042	-0.24061956974524762	0.8099202342146044	1	FALSE
Bifidobacteria	Case_statusPD	0.023068907354375345	0.00754126381374438	3.059024047445596	0.0023050915435880925	0.08298329556917133	TRUE
Bifidobacteria	chr4_89718364_G_T:Case_statusPD	0.024487641182959617	0.01607329282116957	1.5234987289417017	0.1280843136669913	1	FALSE
Bifidobacteria	(Intercept)	0.02054099837289369	0.027519924743627924	0.7464045982774657	0.4556729266966085	1	FALSE
Bifidobacteria	Age_at_collection	-1.1958204564343232e-4	3.6336449342233156e-4	-0.3290966723720152	0.7421807767870383	1	FALSE
Bifidobacteria	seqs_scaled	0.0018929658842662422	0.0031152993921233813	0.6076353011374617	0.5436258892204446	1	FALSE
Bifidobacteria	chr4_89720189_T_C	0.006253482542580214	0.00905145753140491	0.6908812775051034	0.48986853158851185	1	FALSE
Bifidobacteria	Case_statusPD	0.058304338911823475	0.01490255435618416	3.9123721691126554	1.0028112616012248e-4	0.0036101205417644095	TRUE
Bifidobacteria	chr4_89720189_T_C:Case_statusPD	-0.02552469440534131	0.010560523838328596	-2.4169913155918863	0.015903298632551043	0.5725187507718376	FALSE
Bifidobacteria	(Intercept)	0.02944112556515422	0.024803522385039873	1.1869735720645667	0.23563955594765243	1	FALSE
Bifidobacteria	Age_at_collection	-1.2260088383549904e-4	3.660743341532719e-4	-0.33490707322892294	0.7377952312187392	1	FALSE
Bifidobacteria	seqs_scaled	0.0021614504104403385	0.003117534279350419	0.6933204952250618	0.48833776511097415	1	FALSE
Bifidobacteria	chr4_89723303_A_G	-0.0027442389269933484	0.013992285073110282	-0.1961251441529803	0.8445689753917454	1	FALSE
Bifidobacteria	Case_statusPD	0.0230266707239033	0.007523894838129641	3.060472164922959	0.0022941216058863885	0.08258837781190999	TRUE
Bifidobacteria	chr4_89723303_A_G:Case_statusPD	0.024375741567315028	0.01612142150907372	1.512009443683082	0.13098148091322917	1	FALSE
Bifidobacteria	(Intercept)	0.020658449963193323	0.027506752673770726	0.7510319450718858	0.4528851092774777	1	FALSE
Bifidobacteria	Age_at_collection	-1.1859508890601593e-4	3.634342385932524e-4	-0.3263178762822755	0.7442811217537941	1	FALSE
Bifidobacteria	seqs_scaled	0.0019038491760986717	0.0031154059398417967	0.6111078982520496	0.5413259728283925	1	FALSE
Bifidobacteria	chr4_89744890_C_T	0.00614244474150415	0.009113981004530513	0.6739584752755983	0.5005595639373459	1	FALSE
Bifidobacteria	Case_statusPD	0.05807115416574325	0.014929284983461397	3.8897478499522413	1.0988696524987425e-4	0.003955930748995473	TRUE
Bifidobacteria	chr4_89744890_C_T:Case_statusPD	-0.02549639432331246	0.010634996295937943	-2.3974050967042513	0.016771992044908278	0.603791713616698	FALSE
Bifidobacteria	(Intercept)	0.026045880518645703	0.025897681211904014	1.0057224932815054	0.3148956104069456	1	FALSE
Bifidobacteria	Age_at_collection	-1.6444406983700873e-4	3.6526252520111463e-4	-0.4502078874542778	0.6526995460657448	1	FALSE
Bifidobacteria	seqs_scaled	0.0018743964104750907	0.0031275625320833353	0.5993154065656733	0.5491559395491277	1	FALSE
Bifidobacteria	chr4_89757390_G_A	0.005026971769375134	0.008304902540111113	0.6053017172803423	0.5451741648802846	1	FALSE
Bifidobacteria	Case_statusPD	0.04855339785279743	0.012623225453640068	3.846354327672761	1.3079480537267016e-4	0.0047086129934161254	TRUE
Bifidobacteria	chr4_89757390_G_A:Case_statusPD	-0.019729801497828058	0.009851869214242272	-2.002645494857548	0.04559945237945655	1	FALSE
Bifidobacteria	(Intercept)	0.03157390267795098	0.02487910477151346	1.2690931996115493	0.20482843083864166	1	FALSE
Bifidobacteria	Age_at_collection	-1.569403717523969e-4	3.6668595451324324e-4	-0.42799668168563254	0.6687848068022668	1	FALSE
Bifidobacteria	seqs_scaled	0.0021698325271605587	0.0031248048243766925	0.6943897776378328	0.4876675372118283	1	FALSE
Bifidobacteria	chr4_89761323_T_C	-0.0021686212905429963	0.01491926772452428	-0.14535708659334656	0.88447066936168	1	FALSE
Bifidobacteria	Case_statusPD	0.024579386998789077	0.007513401022724571	3.2714062412544966	0.0011224749460667879	0.04040909805840436	TRUE
Bifidobacteria	chr4_89761323_T_C:Case_statusPD	0.019191824159738295	0.017056595923182562	1.1251848989195803	0.26089524082475735	1	FALSE
Bifidobacteria	(Intercept)	0.039640593051935596	0.02552908046202408	1.5527622748066923	0.12093062806645918	1	FALSE
Bifidobacteria	Age_at_collection	-2.5461027010323584e-4	3.6544650142044825e-4	-0.6967101042521825	0.48621486559262017	1	FALSE
Bifidobacteria	seqs_scaled	0.0019429832221105488	0.0031324732131399443	0.6202712968015875	0.5352804868389629	1	FALSE
Bifidobacteria	chr4_89838405_C_T	-0.001944502201845207	0.007981488072900058	-0.24362652478896407	0.8075912602633407	1	FALSE
Bifidobacteria	Case_statusPD	0.03246677797025588	0.012041435705489574	2.696254729446804	0.007180471458181299	0.25849697249452674	FALSE
Bifidobacteria	chr4_89838405_C_T:Case_statusPD	-0.0030976616444233765	0.009719587629962986	-0.318702990533681	0.7500465453205517	1	FALSE
Bifidobacteria	(Intercept)	0.05068049064774273	0.02802763733269144	1.8082327113826677	0.07099809996026593	1	FALSE
Bifidobacteria	Age_at_collection	-2.2473613179566928e-4	3.655430864453787e-4	-0.6148006627099771	0.5388855928192408	1	FALSE
Bifidobacteria	seqs_scaled	0.0018739054337949417	0.0031354224552181237	0.5976564436081959	0.5502619319713242	1	FALSE
Bifidobacteria	chr4_89840793_T_G	-0.009717486567668816	0.009829103722600532	-0.9886442184270505	0.32317787472889636	1	FALSE
Bifidobacteria	Case_statusPD	0.020728547778058163	0.01965026066298105	1.0548739344261466	0.29184589659599974	1	FALSE
Bifidobacteria	chr4_89840793_T_G:Case_statusPD	0.005623914379419238	0.011821402943249168	0.475740012113442	0.6344076173881474	1	FALSE
Bifidobacteria	(Intercept)	0.037648245863015656	0.024882134089864467	1.5130633782072318	0.13071361459259961	1	FALSE
Bifidobacteria	Age_at_collection	-2.4310253369818366e-4	3.6591198321929137e-4	-0.6643743436860664	0.5066689108955494	1	FALSE
Bifidobacteria	seqs_scaled	0.001962731175893082	0.0031346729758595184	0.6261358652109178	0.5314293578995104	1	FALSE
Bifidobacteria	chr4_89859751_C_T	-0.005539516437967214	0.014850255948231169	-0.37302498066553746	0.7092424570397311	1	FALSE
Bifidobacteria	Case_statusPD	0.027458535088559693	0.0073609839175263385	3.7302805434992914	2.0671017166983384e-4	0.0074415661801140185	TRUE
Bifidobacteria	chr4_89859751_C_T:Case_statusPD	0.01060887798123524	0.017085619646228786	0.6209243914414821	0.534850917880883	1	FALSE
Bifidobacteria	(Intercept)	0.03351719715978518	0.026219344450281647	1.2783384887193523	0.2015525900691911	1	FALSE
Bifidobacteria	Age_at_collection	-2.6819036531974583e-4	3.6506061793337564e-4	-0.7346461166859997	0.4628003690408995	1	FALSE
Bifidobacteria	seqs_scaled	0.0021215536204597547	0.0031347366013089674	0.6767884802741834	0.4987631086472992	1	FALSE
Bifidobacteria	chr6_32441753_G_A	0.004236206539844715	0.008369779436218125	0.5061312035910519	0.6129234493821059	1	FALSE
Bifidobacteria	Case_statusPD	0.02868378806179567	0.01353183046035229	2.119727123823935	0.034379370825957455	1	FALSE
Bifidobacteria	chr6_32441753_G_A:Case_statusPD	7.706067058437653e-4	0.0098922090986615	0.077900365647147	0.9379295065827886	1	FALSE
Bifidobacteria	(Intercept)	0.03946044808377249	0.0248786872744556	1.5861145585558623	0.11316364087584985	1	FALSE
Bifidobacteria	Age_at_collection	-2.533405647531252e-4	3.64971180342737e-4	-0.694138546816815	0.48782496435844014	1	FALSE
Bifidobacteria	seqs_scaled	0.0020188098550097946	0.0031324646437988464	0.6444796939707882	0.5194749509001186	1	FALSE
Bifidobacteria	chr6_32602640_A_C	-0.0057298876098576396	0.010855389758474566	-0.5278380359751192	0.597778550540818	1	FALSE
Bifidobacteria	Case_statusPD	0.028361274488567532	0.00808395706870524	3.508340562366444	4.7966122178447066e-4	0.017267803984240944	TRUE
Bifidobacteria	chr6_32602640_A_C:Case_statusPD	0.0030019850562103814	0.013017398413561133	0.23061328852645424	0.8176824326898269	1	FALSE
Bifidobacteria	(Intercept)	0.039487054667951584	0.024879887708643324	1.5871074311253301	0.11293860737207576	1	FALSE
Bifidobacteria	Age_at_collection	-2.5374041958999867e-4	3.649901837437011e-4	-0.6951979283042229	0.48716131738872914	1	FALSE
Bifidobacteria	seqs_scaled	0.002018794538677129	0.0031324305499811035	0.6444818189789738	0.5194735741632395	1	FALSE
Bifidobacteria	chr6_32604184_T_C	-0.005730800918648083	0.01085513799002251	-0.5279344144602809	0.5977116884073398	1	FALSE
Bifidobacteria	Case_statusPD	0.02839119920711763	0.008085498669976017	3.5113726890517	4.7431680278426974e-4	0.01707540490023371	TRUE
Bifidobacteria	chr6_32604184_T_C:Case_statusPD	0.002920505399317836	0.01301565109893337	0.22438411855993673	0.8225237184661537	1	FALSE
Bifidobacteria	(Intercept)	0.03844708838557032	0.024720180400270155	1.5552915780966612	0.12032733243915904	1	FALSE
Bifidobacteria	Age_at_collection	-2.4151735547989434e-4	3.651331912949002e-4	-0.6614500167004336	0.5085407964683655	1	FALSE
Bifidobacteria	seqs_scaled	0.0020365072018697964	0.003133213065556636	0.649974055150315	0.5159216144816873	1	FALSE
Bifidobacteria	chr6_32684419_T_C	-0.007887715602384214	0.013761757171001164	-0.5731619519493661	0.5667185907670438	1	FALSE
Bifidobacteria	Case_statusPD	0.027257107113606505	0.007631799300850239	3.571517808463577	3.791489756822707e-4	0.013649363124561746	TRUE
Bifidobacteria	chr6_32684419_T_C:Case_statusPD	0.010024601288872628	0.016555648784092745	0.6055094197519231	0.5450362704988312	1	FALSE
Bifidobacteria	(Intercept)	0.039145726125573245	0.024751691890129903	1.5815373873970682	0.11420563339793664	1	FALSE
Bifidobacteria	Age_at_collection	-2.4809095342631237e-4	3.6489955071819237e-4	-0.679888349925402	0.4967992944394207	1	FALSE
Bifidobacteria	seqs_scaled	0.002002877366062666	0.0031327737252166074	0.6393303639969026	0.5228166002160917	1	FALSE
Bifidobacteria	chr6_32698883_C_T	-0.008613530209971656	0.013446153147716298	-0.6405943852747641	0.5219952923216435	1	FALSE
Bifidobacteria	Case_statusPD	0.026383658276962825	0.007679479568951587	3.435604983394045	6.260340534838122e-4	0.02253722592541724	TRUE
Bifidobacteria	chr6_32698883_C_T:Case_statusPD	0.013652813547198007	0.01608682250765946	0.8486954798374544	0.3963400635788481	1	FALSE
E. coli-Klebsiella	(Intercept)	-0.02698002072249302	0.016849614530529012	-1.6012248039033303	0.10977701332479607	1	FALSE
E. coli-Klebsiella	Age_at_collection	6.029557721344536e-4	2.4523858389636566e-4	2.4586497057463603	0.014186405517170604	0.5107105986181417	FALSE
E. coli-Klebsiella	seqs_scaled	-0.0011797475095543463	0.0021062249908805498	-0.5601241627377752	0.5755734432054265	1	FALSE
E. coli-Klebsiella	chr4_89587189_T_G	0.001688455765460467	0.007102573457105493	0.237724505865028	0.8121641403575784	1	FALSE
E. coli-Klebsiella	Case_statusPD	0.0030255344984811603	0.00595780401220592	0.5078271276266663	0.6117340996332106	1	FALSE
E. coli-Klebsiella	chr4_89587189_T_G:Case_statusPD	0.0029436682322573904	0.008332398956901505	0.35327979942909815	0.7239847483925679	1	FALSE
E. coli-Klebsiella	(Intercept)	-0.026555688922167746	0.017505325339512753	-1.5170063056312726	0.12971526171335737	1	FALSE
E. coli-Klebsiella	Age_at_collection	5.919762898109732e-4	2.4643864087769935e-4	2.4021244708322937	0.016558944708612418	0.596122009510047	FALSE
E. coli-Klebsiella	seqs_scaled	-0.0012360854778975011	0.0021105394681046235	-0.5856727611957769	0.5582836724550775	1	FALSE
E. coli-Klebsiella	chr4_89685975_C_G	9.514759590298407e-4	0.0060655747431877915	0.15686493025222997	0.8753964020762455	1	FALSE
E. coli-Klebsiella	Case_statusPD	0.0031658099484241455	0.008977343815374078	0.352644391652079	0.7244609042103851	1	FALSE
E. coli-Klebsiella	chr4_89685975_C_G:Case_statusPD	0.0014544027476577897	0.007147057153850363	0.20349672828266854	0.8388057752594555	1	FALSE
E. coli-Klebsiella	(Intercept)	-0.019852982922317037	0.01932120141976704	-1.027523210953432	0.30452807255237746	1	FALSE
E. coli-Klebsiella	Age_at_collection	6.078765125483847e-4	2.4542203105391375e-4	2.4768620402088017	0.013488782129782485	0.48559615667216943	FALSE
E. coli-Klebsiella	seqs_scaled	-0.0011289131010729769	0.002113110243674223	-0.5342424061652605	0.5933429743173859	1	FALSE
E. coli-Klebsiella	chr4_89715479_G_A	-0.004538420275835658	0.006628743798983242	-0.6846576687021437	0.4937859427991188	1	FALSE
E. coli-Klebsiella	Case_statusPD	0.0011546713967507077	0.011921765012232837	0.0968540644414571	0.9228699324926006	1	FALSE
E. coli-Klebsiella	chr4_89715479_G_A:Case_statusPD	0.0019334220030098252	0.007682097714611038	0.2516789130828856	0.8013629165771423	1	FALSE
E. coli-Klebsiella	(Intercept)	-0.026279657249165377	0.018682759330185948	-1.4066261190179243	0.1599808098380967	1	FALSE
E. coli-Klebsiella	Age_at_collection	6.307678609445087e-4	2.4647581432312555e-4	2.559147081739967	0.010701437935811556	0.38525176568921604	FALSE
E. coli-Klebsiella	seqs_scaled	-0.0011785941934394982	0.002112846119297575	-0.557823015445785	0.5771430838706888	1	FALSE
E. coli-Klebsiella	chr4_89716450_G_A	-0.0013571944842269551	0.0062130303202065015	-0.2184432417483915	0.827147263742737	1	FALSE
E. coli-Klebsiella	Case_statusPD	0.0072644427924690985	0.010142216614237956	0.7162579018743348	0.47407031355558327	1	FALSE
E. coli-Klebsiella	chr4_89716450_G_A:Case_statusPD	-0.0029186016079596642	0.007249182980225574	-0.4026111102342247	0.6873569048935368	1	FALSE
E. coli-Klebsiella	(Intercept)	-0.026552884899093198	0.016759843595850855	-1.5843157931179475	0.11357223072498113	1	FALSE
E. coli-Klebsiella	Age_at_collection	6.243222711382082e-4	2.474263961134512e-4	2.5232646190745984	0.01184678615096511	0.426484301434744	FALSE
E. coli-Klebsiella	seqs_scaled	-0.0012354392395271495	0.002106780479190321	-0.586410996176476	0.5577878640484664	1	FALSE
E. coli-Klebsiella	chr4_89718364_G_T	-0.006255318206723887	0.009392102457017031	-0.6660189489362323	0.5056177825603319	1	FALSE
E. coli-Klebsiella	Case_statusPD	0.002567056196501389	0.005094792100698929	0.5038588711302326	0.614518636010255	1	FALSE
E. coli-Klebsiella	chr4_89718364_G_T:Case_statusPD	0.00924133763265345	0.010858933902864692	0.851035443747889	0.3950398561727072	1	FALSE
E. coli-Klebsiella	(Intercept)	-0.02653875769692805	0.018665031792469866	-1.421843691026271	0.1555157519301917	1	FALSE
E. coli-Klebsiella	Age_at_collection	6.300040661471888e-4	2.4644725176993466e-4	2.5563444575771332	0.010787205738411567	0.3883394065828164	FALSE
E. coli-Klebsiella	seqs_scaled	-0.0011933893272497505	0.0021129113810715847	-0.5648080359359468	0.5723847742762291	1	FALSE
E. coli-Klebsiella	chr4_89720189_T_C	-0.0011112183367471358	0.006139033597138809	-0.18100867492646336	0.8564130124659585	1	FALSE
E. coli-Klebsiella	Case_statusPD	0.007451596257447249	0.010107464080605567	0.7372369763594354	0.4612245802688887	1	FALSE
E. coli-Klebsiella	chr4_89720189_T_C:Case_statusPD	-0.003029147690581012	0.007162538234526945	-0.4229153955477732	0.6724865075791389	1	FALSE
E. coli-Klebsiella	(Intercept)	-0.02654318992912349	0.01676257497379108	-1.5834792667967046	0.11376264407413851	1	FALSE
E. coli-Klebsiella	Age_at_collection	6.228760315716385e-4	2.4739826775272767e-4	2.5177057108346346	0.01203364915328233	0.43321136951816386	FALSE
E. coli-Klebsiella	seqs_scaled	-0.001235088148967856	0.0021068742285770773	-0.5862182622082758	0.5579172860271184	1	FALSE
E. coli-Klebsiella	chr4_89723303_A_G	-0.005894424351916771	0.009456186260631057	-0.6233405507733101	0.5332632202681284	1	FALSE
E. coli-Klebsiella	Case_statusPD	0.0026797932977250995	0.005084755679505279	0.5270249873610112	0.598342734778472	1	FALSE
E. coli-Klebsiella	chr4_89723303_A_G:Case_statusPD	0.008774283451586653	0.010895087098311822	0.8053431213914953	0.4208943921605576	1	FALSE
E. coli-Klebsiella	(Intercept)	-0.025970921987840446	0.018654029026634347	-1.3922419628895715	0.16429000313741673	1	FALSE
E. coli-Klebsiella	Age_at_collection	6.304231471438291e-4	2.4646721902785493e-4	2.557837710144247	0.010741432294329068	0.38669156259584647	FALSE
E. coli-Klebsiella	seqs_scaled	-0.0011794845956486144	0.002112749313624862	-0.5582700171962014	0.5768380204049086	1	FALSE
E. coli-Klebsiella	chr4_89744890_C_T	-0.001569990893932108	0.0061807538033678165	-0.25401285083975345	0.7995600109918151	1	FALSE
E. coli-Klebsiella	Case_statusPD	0.006884518798660541	0.010124470842897521	0.6799880117675624	0.4967362257562825	1	FALSE
E. coli-Klebsiella	chr4_89744890_C_T:Case_statusPD	-0.002624620134065202	0.007212248277920032	-0.36391150622204127	0.7160336661936761	1	FALSE
E. coli-Klebsiella	(Intercept)	-0.024928035302363236	0.017515449421213945	-1.4232027225160144	0.15512164971169384	1	FALSE
E. coli-Klebsiella	Age_at_collection	6.146132738692715e-4	2.470390006455192e-4	2.487920013695293	0.013080185800535327	0.47088668881927176	FALSE
E. coli-Klebsiella	seqs_scaled	-0.0011749917116301016	0.002115272903938953	-0.5554799616834747	0.578743382992075	1	FALSE
E. coli-Klebsiella	chr4_89757390_G_A	-0.001822207961857787	0.005616877403007186	-0.3244165451932788	0.745719337507387	1	FALSE
E. coli-Klebsiella	Case_statusPD	0.0032055239764345136	0.008537500525884246	0.3754639858253492	0.7074288452609472	1	FALSE
E. coli-Klebsiella	chr4_89757390_G_A:Case_statusPD	9.220697242777483e-4	0.006663141596134759	0.13838363045033208	0.8899769187815456	1	FALSE
E. coli-Klebsiella	(Intercept)	-0.026859137673459026	0.016776393140922084	-1.6010078833895736	0.10982505692338711	1	FALSE
E. coli-Klebsiella	Age_at_collection	6.241978228768281e-4	2.4726242317256084e-4	2.5244346264503346	0.011807786368656398	0.4250803092716303	FALSE
E. coli-Klebsiella	seqs_scaled	-0.0012167900258161168	0.0021071077397615038	-0.5774692973003084	0.563807630342879	1	FALSE
E. coli-Klebsiella	chr4_89761323_T_C	-0.004934436842852216	0.010060309766767521	-0.4904855772087921	0.6239436032808856	1	FALSE
E. coli-Klebsiella	Case_statusPD	0.0027230772129754038	0.005066410971786973	0.5374765742730396	0.5911087901539536	1	FALSE
E. coli-Klebsiella	chr4_89761323_T_C:Case_statusPD	0.00867473154066787	0.01150154563361937	0.7542231120060389	0.4509681776130676	1	FALSE
E. coli-Klebsiella	(Intercept)	-0.023293089390909245	0.01715847420861046	-1.3575268469512467	0.17505010099026613	1	FALSE
E. coli-Klebsiella	Age_at_collection	6.035551687529471e-4	2.456220222493877e-4	2.457251850732418	0.014241245850053551	0.5126848506019278	FALSE
E. coli-Klebsiella	seqs_scaled	-0.0013117916950745987	0.002105381778900289	-0.6230659485234983	0.5334435455264148	1	FALSE
E. coli-Klebsiella	chr4_89838405_C_T	-0.002929465139484307	0.005364476697423887	-0.5460859100927936	0.5851803821467716	1	FALSE
E. coli-Klebsiella	Case_statusPD	0.006300686099009753	0.008093227811108657	0.7785133751408202	0.4365287501283035	1	FALSE
E. coli-Klebsiella	chr4_89838405_C_T:Case_statusPD	-0.0018266070704062783	0.006532679228894815	-0.27961070893041534	0.779858552693504	1	FALSE
E. coli-Klebsiella	(Intercept)	-0.021763420342124553	0.018848976959267537	-1.1546207727430036	0.24863864487609494	1	FALSE
E. coli-Klebsiella	Age_at_collection	6.126073065035546e-4	2.4583282323236913e-4	2.4919670955594824	0.012933409435863364	0.4656027396910811	FALSE
E. coli-Klebsiella	seqs_scaled	-0.0012639175541298352	0.0021086153254538794	-0.5994064156096262	0.5490952977263625	1	FALSE
E. coli-Klebsiella	chr4_89840793_T_G	-0.0033061375895182946	0.006610209322976038	-0.5001562625296426	0.6171217984883897	1	FALSE
E. coli-Klebsiella	Case_statusPD	0.007351068378782789	0.013215074324089074	0.5562638694648057	0.5782077436538753	1	FALSE
E. coli-Klebsiella	chr4_89840793_T_G:Case_statusPD	-0.00177483279849384	0.007950058332017238	-0.22324777056616843	0.8234076201004625	1	FALSE
E. coli-Klebsiella	(Intercept)	-0.02729545092023996	0.016739699924776075	-1.6305818528945397	0.1034271268001044	1	FALSE
E. coli-Klebsiella	Age_at_collection	6.108957396256708e-4	2.461708781026829e-4	2.481592235174356	0.013312636162380445	0.479254901845696	FALSE
E. coli-Klebsiella	seqs_scaled	-0.001203038183760736	0.0021088820110316754	-0.5704625377178896	0.5685465638091993	1	FALSE
E. coli-Klebsiella	chr4_89859751_C_T	0.004133171791922449	0.009990655443046238	0.413703767033548	0.6792174225767256	1	FALSE
E. coli-Klebsiella	Case_statusPD	0.004796819521683118	0.004952174177884785	0.9686289999864213	0.33306392442357824	1	FALSE
E. coli-Klebsiella	chr4_89859751_C_T:Case_statusPD	-0.003275651333066249	0.011494518310759838	-0.2849750850368356	0.7757472811307091	1	FALSE
E. coli-Klebsiella	(Intercept)	-0.019586675234413747	0.01762647473040861	-1.1112077448262223	0.2668593729640416	1	FALSE
E. coli-Klebsiella	Age_at_collection	6.088607571979693e-4	2.454192464373714e-4	2.4809006059487864	0.013338263632315717	0.4801774907633658	FALSE
E. coli-Klebsiella	seqs_scaled	-0.0013404808229264841	0.0021073889011312004	-0.6360861169036922	0.5249276154190012	1	FALSE
E. coli-Klebsiella	chr6_32441753_G_A	-0.00590011640664692	0.005626750356453236	-1.0485832910429667	0.2947308177378097	1	FALSE
E. coli-Klebsiella	Case_statusPD	-0.006159458852508581	0.009097041618178635	-0.6770837279891215	0.4985758867625226	1	FALSE
E. coli-Klebsiella	chr6_32441753_G_A:Case_statusPD	0.009019416217286283	0.0066502339155013485	1.3562554839255345	0.1754539399045445	1	FALSE
E. coli-Klebsiella	(Intercept)	-0.0239763302803906	0.016726393777591803	-1.433442892664136	0.15217652646294783	1	FALSE
E. coli-Klebsiella	Age_at_collection	6.036311957778776e-4	2.4537676013770604e-4	2.460017792390438	0.014132913944063007	0.5087849019862682	FALSE
E. coli-Klebsiella	seqs_scaled	-0.00123383525336322	0.002106012931814139	-0.5858630945349338	0.5581558215189416	1	FALSE
E. coli-Klebsiella	chr6_32602640_A_C	-0.007001901385604728	0.007298275898017852	-0.9593911607954398	0.3376920335468452	1	FALSE
E. coli-Klebsiella	Case_statusPD	0.002722312070085237	0.005434991312871406	0.5008861860805789	0.6166082340528156	1	FALSE
E. coli-Klebsiella	chr6_32602640_A_C:Case_statusPD	0.0053193689373827535	0.00875183362462145	0.6078005096460956	0.5435163605946687	1	FALSE
E. coli-Klebsiella	(Intercept)	-0.023964605806491953	0.016727294909145023	-1.4326647516323874	0.15239881519850584	1	FALSE
E. coli-Klebsiella	Age_at_collection	6.034556315398814e-4	2.453909163063837e-4	2.4591604311319935	0.014166415478870703	0.5099909572393453	FALSE
E. coli-Klebsiella	seqs_scaled	-0.00123359084082752	0.0021060018519997743	-0.5857501215662047	0.5582317061343769	1	FALSE
E. coli-Klebsiella	chr6_32604184_T_C	-0.007002451429357459	0.007298147667101006	-0.9594833852051935	0.3376456259247357	1	FALSE
E. coli-Klebsiella	Case_statusPD	0.00272572744725153	0.005436058326469178	0.5014161518428631	0.6162354749858412	1	FALSE
E. coli-Klebsiella	chr6_32604184_T_C:Case_statusPD	0.0053136814446237786	0.008750708078588345	0.6072287404519356	0.54389547445979	1	FALSE
E. coli-Klebsiella	(Intercept)	-0.02513381934659173	0.016621872619450678	-1.51209312705119	0.13096019650176907	1	FALSE
E. coli-Klebsiella	Age_at_collection	6.115719860620024e-4	2.4551590225332747e-4	2.490966900510469	0.01296954722751476	0.46690370019053135	FALSE
E. coli-Klebsiella	seqs_scaled	-0.001196928043680551	0.002106775420810109	-0.5681327168798569	0.570126525270779	1	FALSE
E. coli-Klebsiella	chr6_32684419_T_C	-0.007970727582830447	0.009253418503114704	-0.8613819401065128	0.3893218394985053	1	FALSE
E. coli-Klebsiella	Case_statusPD	0.0031148956117846892	0.005131629048894768	0.6069993723446484	0.5440475949427145	1	FALSE
E. coli-Klebsiella	chr6_32684419_T_C:Case_statusPD	0.0061538909220270575	0.011132033859208638	0.5528092170629213	0.5805700379911354	1	FALSE
E. coli-Klebsiella	(Intercept)	-0.024941569881857955	0.016645258130017902	-1.4984189303065576	0.13447396210158563	1	FALSE
E. coli-Klebsiella	Age_at_collection	6.116561063450942e-4	2.453911934664113e-4	2.492575620603176	0.012911466677157053	0.4648128003776539	FALSE
E. coli-Klebsiella	seqs_scaled	-0.0011913530140036355	0.0021067580976136062	-0.5654911284561431	0.5719204446613171	1	FALSE
E. coli-Klebsiella	chr6_32698883_C_T	-0.008387115132213794	0.009042399646576882	-0.9275320114156695	0.3539691634216333	1	FALSE
E. coli-Klebsiella	Case_statusPD	0.00302437899764573	0.005164370997215371	0.5856238831943862	0.5583165071463982	1	FALSE
E. coli-Klebsiella	chr6_32698883_C_T:Case_statusPD	0.00619016820362848	0.010818222621725123	0.5721982639918504	0.5673708509562472	1	FALSE
Fiber Degraders	(Intercept)	0.28548598845895784	0.03577809437712539	7.979351427992274	5.995418008705441e-15	2.1583504831339588e-13	TRUE
Fiber Degraders	Age_at_collection	-8.155595463916879e-4	5.207341202767134e-4	-1.5661726678449779	0.11775883809941956	1	FALSE
Fiber Degraders	seqs_scaled	-0.00529229188323197	0.004472311005492092	-1.183346121665717	0.23707257448371652	1	FALSE
Fiber Degraders	chr4_89587189_T_G	-0.009157252245326803	0.015081445513686053	-0.607186641162269	0.5439233937723664	1	FALSE
Fiber Degraders	Case_statusPD	-0.07361815986809855	0.012650667695863742	-5.819310224405682	8.984384111049154e-9	3.2343782799776955e-7	TRUE
Fiber Degraders	chr4_89587189_T_G:Case_statusPD	0.003423454474659514	0.01769282945480673	0.193493894427917	0.8466281583192552	1	FALSE
Fiber Degraders	(Intercept)	0.2946134255243148	0.037135565663307175	7.933457327550978	8.423832562890441e-15	3.032579722640559e-13	TRUE
Fiber Degraders	Age_at_collection	-7.957559642291258e-4	5.227916735505076e-4	-1.5221282290607232	0.12842725690074236	1	FALSE
Fiber Degraders	seqs_scaled	-0.004910299546588243	0.004477270515269508	-1.096717191834157	0.27314110578992246	1	FALSE
Fiber Degraders	chr4_89685975_C_G	-0.013115023111136596	0.012867430041583985	-1.0192418430683094	0.30843929419276084	1	FALSE
Fiber Degraders	Case_statusPD	-0.09092579660580541	0.019044418442507392	-4.774406573784256	2.194509353371488e-6	7.900233672137358e-5	TRUE
Fiber Degraders	chr4_89685975_C_G:Case_statusPD	0.017283838251517206	0.015161672524711097	1.1399691045527673	0.2546879677636085	1	FALSE
Fiber Degraders	(Intercept)	0.2840924079505542	0.04103887457671755	6.9225194618696335	1.0024776352095918e-11	3.6089194867545304e-10	TRUE
Fiber Degraders	Age_at_collection	-8.156585223293139e-4	5.2128455844783e-4	-1.564708773952576	0.1181018608826062	1	FALSE
Fiber Degraders	seqs_scaled	-0.005169187502663575	0.004488316454700523	-1.1516985388251735	0.24983705420107388	1	FALSE
Fiber Degraders	chr4_89715479_G_A	-0.0018282375846358078	0.014079672348395172	-0.12984944105209906	0.8967227424482354	1	FALSE
Fiber Degraders	Case_statusPD	-0.07283931980020539	0.02532222548902045	-2.8764975587073907	0.004143110611435627	0.1491519820116826	FALSE
Fiber Degraders	chr4_89715479_G_A:Case_statusPD	2.3311520411914755e-4	0.01631703110726187	0.01428661884547122	0.9886053743466214	1	FALSE
Fiber Degraders	(Intercept)	0.3025616873751457	0.03965679425241597	7.629504428656965	7.6951004254388e-14	2.770236153157968e-12	TRUE
Fiber Degraders	Age_at_collection	-8.590417239492741e-4	5.231797125928928e-4	-1.6419629876163202	0.10104553755919495	1	FALSE
Fiber Degraders	seqs_scaled	-0.004828783099794899	0.0044848141732801265	-1.0766963609248492	0.28198580875897133	1	FALSE
Fiber Degraders	chr4_89716450_G_A	-0.014007423802702111	0.013188033991015346	-1.0621313087489002	0.28854132714308245	1	FALSE
Fiber Degraders	Case_statusPD	-0.09510319988242853	0.02152828661044827	-4.4175926121437055	1.155675269583712e-5	4.160430970501363e-4	TRUE
Fiber Degraders	chr4_89716450_G_A:Case_statusPD	0.018311539025174864	0.015387414292729102	1.1900335349927815	0.23443550738629715	1	FALSE
Fiber Degraders	(Intercept)	0.28243254897179787	0.035507313489942245	7.95420777333096	7.224676196411002e-15	2.6008834307079607e-13	TRUE
Fiber Degraders	Age_at_collection	-9.086466192951255e-4	5.241962171211375e-4	-1.7334093410390725	0.08346202630211924	1	FALSE
Fiber Degraders	seqs_scaled	-0.005206498795670319	0.004463413665007044	-1.16648359001296	0.24381509753653574	1	FALSE
Fiber Degraders	chr4_89718364_G_T	0.029525516622481037	0.0198980571843475	1.483839168263464	0.13830042399027065	1	FALSE
Fiber Degraders	Case_statusPD	-0.06359041357148125	0.010793798835353292	-5.89138398273659	5.941827650259322e-9	2.139057954093356e-7	TRUE
Fiber Degraders	chr4_89718364_G_T:Case_statusPD	-0.042597896944918195	0.023005678307823383	-1.8516253411416355	0.06449936967444338	1	FALSE
Fiber Degraders	(Intercept)	0.30251386548532916	0.039616071037008385	7.636140020112745	7.337818251695315e-14	2.641614570610313e-12	TRUE
Fiber Degraders	Age_at_collection	-8.60848624433529e-4	5.230782321481002e-4	-1.6457358986213657	0.1002657605451392	1	FALSE
Fiber Degraders	seqs_scaled	-0.004823693508913696	0.004484602453300137	-1.075612288746805	0.2824702185195874	1	FALSE
Fiber Degraders	chr4_89720189_T_C	-0.0137663977359906	0.013029947861163004	-1.0565197867769414	0.2910942494560363	1	FALSE
Fiber Degraders	Case_statusPD	-0.09531824482858395	0.021452843985126435	-4.443151914714406	1.0298276586587015e-5	3.707379571171325e-4	TRUE
Fiber Degraders	chr4_89720189_T_C:Case_statusPD	0.0184014856673554	0.015202311287719508	1.2104399994900905	0.22651748998586005	1	FALSE
Fiber Degraders	(Intercept)	0.2816352517065896	0.0354941451929543	7.934695994946655	8.347042489855187e-15	3.004935296347867e-13	TRUE
Fiber Degraders	Age_at_collection	-9.062213044694628e-4	5.238568686392409e-4	-1.7299024957398066	0.08408722621411799	1	FALSE
Fiber Degraders	seqs_scaled	-0.005191689993863239	0.004461229846209928	-1.163735152151795	0.24492673585025732	1	FALSE
Fiber Degraders	chr4_89723303_A_G	0.03401194831765837	0.020023131805897543	1.6986327936791892	0.08983149361324964	1	FALSE
Fiber Degraders	Case_statusPD	-0.06296988571066715	0.010766785928847162	-5.848531411955877	7.601742101581976e-9	2.736627156569511e-7	TRUE
Fiber Degraders	chr4_89723303_A_G:Case_statusPD	-0.04697881485945162	0.023069952197797863	-2.0363637712234173	0.04208865840435321	1	FALSE
Fiber Degraders	(Intercept)	0.30438954872445917	0.039588069986109684	7.6889211530458725	5.021256961079604e-14	1.8076525059886575e-12	TRUE
Fiber Degraders	Age_at_collection	-8.589837458564613e-4	5.230592008956996e-4	-1.642230448074551	0.1009901004430411	1	FALSE
Fiber Degraders	seqs_scaled	-0.004784275096961379	0.004483732043702996	-1.067029664201381	0.2863252540692001	1	FALSE
Fiber Degraders	chr4_89744890_C_T	-0.015351132401700725	0.013116957938967347	-1.1703271805192101	0.24226647541312765	1	FALSE
Fiber Degraders	Case_statusPD	-0.09700603238453977	0.021486417745393088	-4.514760605235783	7.432836623786945e-6	2.6758211845633e-4	TRUE
Fiber Degraders	chr4_89744890_C_T:Case_statusPD	0.01972695910043694	0.015306022585031435	1.2888364035036097	0.19787952354189625	1	FALSE
Fiber Degraders	(Intercept)	0.2939772154669163	0.03714826602670586	7.913618774442293	9.753016208591329e-15	3.5110858350928783e-13	TRUE
Fiber Degraders	Age_at_collection	-8.360071402141563e-4	5.239414812751789e-4	-1.595611666744664	0.11102558034842862	1	FALSE
Fiber Degraders	seqs_scaled	-0.004888891119519299	0.004486252031845426	-1.0897495470195968	0.27619741538368336	1	FALSE
Fiber Degraders	chr4_89757390_G_A	-0.009932693762225917	0.01191275490502614	-0.8337864617725989	0.40468493673821393	1	FALSE
Fiber Degraders	Case_statusPD	-0.08934088631572835	0.018107062691441245	-4.934035289884845	1.0067898575599131e-6	3.6244434872156874e-5	TRUE
Fiber Degraders	chr4_89757390_G_A:Case_statusPD	0.01625782451299925	0.014131761659911115	1.1504457055145034	0.25035207821516386	1	FALSE
Fiber Degraders	(Intercept)	0.2817198864916795	0.03553742440283203	7.927414302687305	8.808570540896174e-15	3.1710853947226224e-13	TRUE
Fiber Degraders	Age_at_collection	-8.943972976591812e-4	5.237758555932948e-4	-1.7075955069484325	0.08815356630035179	1	FALSE
Fiber Degraders	seqs_scaled	-0.005248111712671542	0.004463485171180306	-1.1757878678655391	0.2400782519649822	1	FALSE
Fiber Degraders	chr4_89761323_T_C	0.03143311489113997	0.021310748669420086	1.474988766408052	0.14066389750742866	1	FALSE
Fiber Degraders	Case_statusPD	-0.06368113723399171	0.01073217558691894	-5.933665240401988	4.652636177578775e-9	1.674949023928359e-7	TRUE
Fiber Degraders	chr4_89761323_T_C:Case_statusPD	-0.04566889314139155	0.02436371781688027	-1.8744632278473572	0.06128165931996114	1	FALSE
Fiber Degraders	(Intercept)	0.27133383281887336	0.036420568294741974	7.45001644738327	2.7487762014150623e-13	9.895594325094224e-12	TRUE
Fiber Degraders	Age_at_collection	-8.656056916455287e-4	5.21357174726954e-4	-1.6602930459312564	0.09730208239726547	1	FALSE
Fiber Degraders	seqs_scaled	-0.005333124569798048	0.004468882252156441	-1.1933911588797335	0.2331193664622594	1	FALSE
Fiber Degraders	chr4_89838405_C_T	0.013177914098985118	0.011386635405264321	1.15731413450655	0.2475376693503197	1	FALSE
Fiber Degraders	Case_statusPD	-0.05214269105885021	0.01717868107826695	-3.0353139930408766	0.002491686976421947	0.0897007311511901	TRUE
Fiber Degraders	chr4_89838405_C_T:Case_statusPD	-0.019691726969021234	0.013866261481700455	-1.420117960057853	0.15601728947410187	1	FALSE
Fiber Degraders	(Intercept)	0.23572037729149817	0.039843912636324544	5.916095124568633	5.151318579361706e-9	1.8544746885702143e-7	TRUE
Fiber Degraders	Age_at_collection	-9.117378227944608e-4	5.196537484861012e-4	-1.7545102396559473	0.0797793815285044	1	FALSE
Fiber Degraders	seqs_scaled	-0.004520202739663968	0.004457296806747448	-1.0141130231267734	0.31087821611952593	1	FALSE
Fiber Degraders	chr4_89840793_T_G	0.033732774759030866	0.013972991921080367	2.4141411481201733	0.016027192640887387	0.576978935071946	FALSE
Fiber Degraders	Case_statusPD	-9.109829770802343e-4	0.027934686746627645	-0.032611175680722845	0.9739939273008731	1	FALSE
Fiber Degraders	chr4_89840793_T_G:Case_statusPD	-0.04579834672567349	0.016805231940125842	-2.7252433580711735	0.006585484531594415	0.23707744313739895	FALSE
Fiber Degraders	(Intercept)	0.2838529315697218	0.03544228353884846	8.008878188071298	4.813246846684948e-15	1.7327688648065814e-13	TRUE
Fiber Degraders	Age_at_collection	-8.71991994968872e-4	5.21207554492008e-4	-1.6730225558966698	0.09476838577688054	1	FALSE
Fiber Degraders	seqs_scaled	-0.005065246234846901	0.004465049822926346	-1.1344209887286751	0.2570052142069653	1	FALSE
Fiber Degraders	chr4_89859751_C_T	0.009381065566710513	0.02115280707196554	0.44349033841203633	0.6575477548432915	1	FALSE
Fiber Degraders	Case_statusPD	-0.06580649352706888	0.01048503629904251	-6.27622944262752	6.071233498614256e-10	2.1856440595011322e-8	TRUE
Fiber Degraders	chr4_89859751_C_T:Case_statusPD	-0.03238338089886152	0.024336874552300863	-1.3306302265423777	0.18374276268869524	1	FALSE
Fiber Degraders	(Intercept)	0.27169327946006866	0.03744959003030389	7.254906642241391	1.0663735116930692e-12	3.8389446420950494e-11	TRUE
Fiber Degraders	Age_at_collection	-8.320687675040015e-4	5.214230471604131e-4	-1.5957652275543162	0.11099127396752811	1	FALSE
Fiber Degraders	seqs_scaled	-0.005040028624185784	0.0044774041088105065	-1.1256586409674663	0.26069472408698136	1	FALSE
Fiber Degraders	chr6_32441753_G_A	0.00905482652105068	0.011954715691874205	0.7574271738812975	0.44904813900770435	1	FALSE
Fiber Degraders	Case_statusPD	-0.05964347668910764	0.019327771678682378	-3.0858951399395713	0.002109177030678438	0.07593037310442377	TRUE
Fiber Degraders	chr6_32441753_G_A:Case_statusPD	-0.010586452702844125	0.014129231031744415	-0.7492589426175662	0.4539521400953014	1	FALSE
Fiber Degraders	(Intercept)	0.2786464135136377	0.035453221973969926	7.859551205761282	1.4517762397937545e-14	5.226394463257516e-13	TRUE
Fiber Degraders	Age_at_collection	-8.46114092846645e-4	5.200999605826672e-4	-1.6268297576849355	0.10422201042667774	1	FALSE
Fiber Degraders	seqs_scaled	-0.005320215383284527	0.004463899687192932	-1.1918313035905335	0.23373015302166544	1	FALSE
Fiber Degraders	chr6_32602640_A_C	0.014530325212097562	0.01546940714658668	0.9392942518358678	0.3479027586649458	1	FALSE
Fiber Degraders	Case_statusPD	-0.06230172355970423	0.011519993849479406	-5.4081386130704985	8.73994920232463e-8	3.1463817128368667e-06	TRUE
Fiber Degraders	chr6_32602640_A_C:Case_statusPD	-0.029829812426504048	0.01855036442993697	-1.6080445502388117	0.10827504518113158	1	FALSE
Fiber Degraders	(Intercept)	0.27876445926872	0.03545353548952087	7.862811294267547	1.4174570641779834e-14	5.10284543104074e-13	TRUE
Fiber Degraders	Age_at_collection	-8.479481895601228e-4	5.201065448614787e-4	-1.6303355493939398	0.10347915780630307	1	FALSE
Fiber Degraders	seqs_scaled	-0.005319090887929931	0.004463675197120502	-1.1916393225388027	0.23380540479672784	1	FALSE
Fiber Degraders	chr6_32604184_T_C	0.014538251518722081	0.015468438783958439	0.9398654719957252	0.34760984702470166	1	FALSE
Fiber Degraders	Case_statusPD	-0.06221493341405717	0.011521736649433609	-5.399787836420958	9.139648575088925e-8	3.290273487032013e-6	TRUE
Fiber Degraders	chr6_32604184_T_C:Case_statusPD	-0.030047131294783938	0.018547143522474444	-1.6200409113335656	0.10567258449767124	1	FALSE
Fiber Degraders	(Intercept)	0.28039923747885603	0.03522981022047399	7.959146975929509	6.965034271918713e-15	2.5074123378907366e-13	TRUE
Fiber Degraders	Age_at_collection	-8.433631696711902e-4	5.203672799400274e-4	-1.6207075313582133	0.10552944082779196	1	FALSE
Fiber Degraders	seqs_scaled	-0.0051145349076844315	0.004465278970159275	-1.1454009798411315	0.2524334185359609	1	FALSE
Fiber Degraders	chr6_32684419_T_C	0.013544069073220429	0.019612482012037406	0.6905841425326783	0.49005517958895073	1	FALSE
Fiber Degraders	Case_statusPD	-0.06545762235547548	0.010876410958827859	-6.018310875091261	2.838573332018831e-9	1.0218863995267792e-7	TRUE
Fiber Degraders	chr6_32684419_T_C:Case_statusPD	-0.03427857453570837	0.023594179140134196	-1.452840309981363	0.14671493046867906	1	FALSE
Fiber Degraders	(Intercept)	0.27708656394374664	0.03523947079253645	7.862960416602858	1.415906522763896e-14	5.097263481950025e-13	TRUE
Fiber Degraders	Age_at_collection	-8.166413924476974e-4	5.195146706262561e-4	-1.5719313401934651	0.11641705094065574	1	FALSE
Fiber Degraders	seqs_scaled	-0.005043963686563808	0.004460191597384046	-1.1308849802600747	0.2584897057476095	1	FALSE
Fiber Degraders	chr6_32698883_C_T	0.019749985358572912	0.01914355282152931	1.0316781604071734	0.3025782090494687	1	FALSE
Fiber Degraders	Case_statusPD	-0.06294280445820737	0.010933426174388661	-5.756914937208765	1.280600262104005e-8	4.610160943574418e-7	TRUE
Fiber Degraders	chr6_32698883_C_T:Case_statusPD	-0.04388402843867635	0.02290312575074674	-1.9160715841262648	0.05576182530638341	1	FALSE
Lactobacilli	(Intercept)	-0.007823542475257919	0.005351217997842845	-1.462011541748384	0.14418554640372003	1	FALSE
Lactobacilli	Age_at_collection	1.3821865378283121e-4	7.788457839993818e-5	1.7746601011701815	0.07638732991690014	1	FALSE
Lactobacilli	seqs_scaled	1.6886346678745247e-4	6.689096096700154e-4	0.25244586764234966	0.8007703468693835	1	FALSE
Lactobacilli	chr4_89587189_T_G	-2.891630092103084e-4	0.002255684772242117	-0.12819300496624123	0.8980329502763965	1	FALSE
Lactobacilli	Case_statusPD	0.004212624669316735	0.0018921209146934518	2.2264035224193033	0.026303762020435682	0.9469354327356846	FALSE
Lactobacilli	chr4_89587189_T_G:Case_statusPD	-4.237975030681883e-4	0.0026462613244113416	-0.1601495283775353	0.8728093566802984	1	FALSE
Lactobacilli	(Intercept)	-0.007882378081556278	0.005548121165594527	-1.4207292606436104	0.15583949083756785	1	FALSE
Lactobacilli	Age_at_collection	1.2976143652180988e-4	7.810602847738729e-5	1.66134982217637	0.09708969570209267	1	FALSE
Lactobacilli	seqs_scaled	1.8355420481796605e-4	6.689123719045259e-4	0.2744069515344004	0.7838526313168139	1	FALSE
Lactobacilli	chr4_89685975_C_G	4.38138231966612e-4	0.0019224174907629833	0.2279100320673427	0.8197825484555868	1	FALSE
Lactobacilli	Case_statusPD	0.002694559473335881	0.0028452708114182585	0.9470309337594287	0.34394888528640755	1	FALSE
Lactobacilli	chr4_89685975_C_G:Case_statusPD	0.0014054002010366062	0.0022651814975119273	0.6204360235947081	0.5351721223775487	1	FALSE
Lactobacilli	(Intercept)	-0.008632454197859513	0.006131400612677384	-1.4079090151132696	0.15960068014005488	1	FALSE
Lactobacilli	Age_at_collection	1.3564027119105442e-4	7.788236139544567e-5	1.7416045014652863	0.0820156987838864	1	FALSE
Lactobacilli	seqs_scaled	1.6785868876975808e-4	6.705755590055436e-4	0.2503203203807349	0.8024128827794824	1	FALSE
Lactobacilli	chr4_89715479_G_A	5.755277394911937e-4	0.0021035691780939628	0.27359582251184983	0.7844757205783042	1	FALSE
Lactobacilli	Case_statusPD	0.0032279359621022463	0.003783259421198124	0.8532156013451461	0.39383077415604695	1	FALSE
Lactobacilli	chr4_89715479_G_A:Case_statusPD	6.742693426414729e-4	0.0024378410850696246	0.2765846169264211	0.7821804904635025	1	FALSE
Lactobacilli	(Intercept)	-0.00856810816600398	0.005931204365426477	-1.4445815112944431	0.1490216492281133	1	FALSE
Lactobacilli	Age_at_collection	1.317507389612553e-4	7.824852849885842e-5	1.6837471769603622	0.09267510721303679	1	FALSE
Lactobacilli	seqs_scaled	1.5015114345402116e-4	6.707639864527142e-4	0.22385093190241828	0.8229384265528571	1	FALSE
Lactobacilli	chr4_89716450_G_A	7.960926848293392e-4	0.0019724469981367092	0.4036066295223018	0.686624918238709	1	FALSE
Lactobacilli	Case_statusPD	0.003898049225529613	0.0032198434071928064	1.2106331683155034	0.2264434623339958	1	FALSE
Lactobacilli	chr4_89716450_G_A:Case_statusPD	2.737971515348059e-4	0.002301393759786837	0.1189701459693564	0.905333043407867	1	FALSE
Lactobacilli	(Intercept)	-0.007842805006330321	0.005321909495612375	-1.4736825218084388	0.14101534655795148	1	FALSE
Lactobacilli	Age_at_collection	1.383073000684722e-4	7.85676118879363e-5	1.760360239353395	0.07878217757813719	1	FALSE
Lactobacilli	seqs_scaled	1.7541287151072172e-4	6.689856604717647e-4	0.2622072218812906	0.7932386084493439	1	FALSE
Lactobacilli	chr4_89718364_G_T	-6.743216633844084e-4	0.002982361915485745	-0.2261032304238568	0.8211869466299271	1	FALSE
Lactobacilli	Case_statusPD	0.00389155758789877	0.001617796866886814	2.405467378229899	0.0164094800088255	0.590741280317718	FALSE
Lactobacilli	chr4_89718364_G_T:Case_statusPD	6.646769710075842e-4	0.0034481385890850185	0.19276399536596345	0.847199554776343	1	FALSE
Lactobacilli	(Intercept)	-0.0086216717552714	0.005925187340527904	-1.4550884655240712	0.14609177449532026	1	FALSE
Lactobacilli	Age_at_collection	1.3184628441482895e-4	7.823432354849912e-5	1.6852741665631537	0.09238011148850647	1	FALSE
Lactobacilli	seqs_scaled	1.5099174885324567e-4	6.707406612526345e-4	0.22511196588449348	0.8219576851720481	1	FALSE
Lactobacilli	chr4_89720189_T_C	8.254053730741021e-4	0.00194882733430528	0.42353950939852936	0.672031411556056	1	FALSE
Lactobacilli	Case_statusPD	0.0039468975300108265	0.0032085998503043433	1.230099642882067	0.2190718526997137	1	FALSE
Lactobacilli	chr4_89720189_T_C:Case_statusPD	2.372889744389205e-4	0.0022737374007789093	0.10436076494921222	0.9169128662494896	1	FALSE
Lactobacilli	(Intercept)	-0.007852513782561674	0.005322530071237986	-1.4753347895571833	0.14057091211002407	1	FALSE
Lactobacilli	Age_at_collection	1.3830409617147406e-4	7.855503833658747e-5	1.7606012179496082	0.07874131876266556	1	FALSE
Lactobacilli	seqs_scaled	1.756707736247728e-4	6.689844165023086e-4	0.2625932223402794	0.792941167181639	1	FALSE
Lactobacilli	chr4_89723303_A_G	-6.312432970949117e-4	0.003002571848903313	-0.21023420216421226	0.8335458896339007	1	FALSE
Lactobacilli	Case_statusPD	0.0038977640082824678	0.0016145350610738626	2.4141711767411107	0.01602588290616472	0.57693178462193	FALSE
Lactobacilli	chr4_89723303_A_G:Case_statusPD	6.363644412505372e-4	0.003459458275365828	0.18394915926056182	0.8541064602056518	1	FALSE
Lactobacilli	(Intercept)	-0.008524564840148399	0.0059218470829071985	-1.4395111391433388	0.15045151006526875	1	FALSE
Lactobacilli	Age_at_collection	1.3144433822328354e-4	7.824267775869812e-5	1.6799570514273594	0.09341058908840963	1	FALSE
Lactobacilli	seqs_scaled	1.5238131697858413e-4	6.707064914469547e-4	0.22719523207512562	0.820338082142525	1	FALSE
Lactobacilli	chr4_89744890_C_T	7.752647178846054e-4	0.0019621219002276366	0.3951154705498484	0.6928776993780904	1	FALSE
Lactobacilli	Case_statusPD	0.0038532299062932164	0.003214081421305109	1.1988588343628752	0.23098736942489104	1	FALSE
Lactobacilli	chr4_89744890_C_T:Case_statusPD	3.1663290566910304e-4	0.002289576764613255	0.13829320360114122	0.8900483554635156	1	FALSE
Lactobacilli	(Intercept)	-0.00829104760957356	0.005556682526075717	-1.4920858930965284	0.13612587033580092	1	FALSE
Lactobacilli	Age_at_collection	1.3014265990918532e-4	7.837179995413589e-5	1.6605802085105401	0.09724433280679916	1	FALSE
Lactobacilli	seqs_scaled	1.51269079097869e-4	6.710590005736999e-4	0.22541844900157282	0.8217193667331315	1	FALSE
Lactobacilli	chr4_89757390_G_A	7.680485298627223e-4	0.0017819242752970953	0.43102198028851013	0.6665847050358706	1	FALSE
Lactobacilli	Case_statusPD	0.0040676512589330445	0.0027084763198302964	1.5018227145467196	0.13359255963556652	1	FALSE
Lactobacilli	chr4_89757390_G_A:Case_statusPD	1.1681713032830021e-4	0.0021138459873697147	0.05526283893258337	0.9559447910160945	1	FALSE
Lactobacilli	(Intercept)	-0.00792060897918266	0.0053270263452780565	-1.4868724999273915	0.13749747613025937	1	FALSE
Lactobacilli	Age_at_collection	1.3891230844982348e-4	7.85135059349907e-5	1.7692791424298777	0.07728142123625245	1	FALSE
Lactobacilli	seqs_scaled	1.776094671835951e-4	6.69072210442482e-4	0.2654563504679644	0.7907358650498504	1	FALSE
Lactobacilli	chr4_89761323_T_C	-5.054114903226652e-4	0.0031944610929809897	-0.1582149463122833	0.8743329268476469	1	FALSE
Lactobacilli	Case_statusPD	0.0038860587687630176	0.0016087429816413813	2.4155870845186955	0.015964233321619104	0.5747123995782878	FALSE
Lactobacilli	chr4_89761323_T_C:Case_statusPD	6.670617872848461e-4	0.0036520982840022222	0.18265165266960823	0.8551240875882685	1	FALSE
Lactobacilli	(Intercept)	-0.008117959014865467	0.005452270487310576	-1.4889134781113522	0.13695924297868523	1	FALSE
Lactobacilli	Age_at_collection	1.3877609901125345e-4	7.80487639321591e-5	1.7780691457443099	0.07582527578177813	1	FALSE
Lactobacilli	seqs_scaled	1.8746788538740182e-4	6.690053438352369e-4	0.28021881606011734	0.7793921852540274	1	FALSE
Lactobacilli	chr4_89838405_C_T	1.2630099365682875e-4	0.0017046141528453652	0.07409359675091598	0.9409570175508446	1	FALSE
Lactobacilli	Case_statusPD	0.0035212701857799456	0.0025717011084496885	1.3692377291475721	0.17136286751863117	1	FALSE
Lactobacilli	chr4_89838405_C_T:Case_statusPD	4.769630184028012e-4	0.0020758217618729894	0.2297706995674056	0.8183368863777286	1	FALSE
Lactobacilli	(Intercept)	-0.0068307647958015805	0.005988065882719494	-1.1407297330368338	0.25437141963342297	1	FALSE
Lactobacilli	Age_at_collection	1.4026837534904723e-4	7.809777394452104e-5	1.7960611201119616	0.07291467768861311	1	FALSE
Lactobacilli	seqs_scaled	1.653232071947855e-4	6.69878663304414e-4	0.24679575011281915	0.8051384521894588	1	FALSE
Lactobacilli	chr4_89840793_T_G	-8.156566774746053e-4	0.002099974391718143	-0.38841267812187785	0.697828427670633	1	FALSE
Lactobacilli	Case_statusPD	0.003375292974671276	0.0041982509644255634	0.8039759898282092	0.4216830024909891	1	FALSE
Lactobacilli	chr4_89840793_T_G:Case_statusPD	4.1455910778828676e-4	0.002525626359799646	0.16414110748399582	0.8696673088515393	1	FALSE
Lactobacilli	(Intercept)	-0.007663680417620799	0.005312476266379137	-1.4425815821750843	0.149584389003923	1	FALSE
Lactobacilli	Age_at_collection	1.348431327471905e-4	7.812427661612986e-5	1.7260080808140272	0.08478596820849726	1	FALSE
Lactobacilli	seqs_scaled	1.7591072736241716e-4	6.69270398068354e-4	0.2628395456756045	0.792751373014513	1	FALSE
Lactobacilli	chr4_89859751_C_T	-5.067130005735695e-4	0.00317061358120281	-0.15981543874587895	0.873072433647225	1	FALSE
Lactobacilli	Case_statusPD	0.004155819320467934	0.0015716116719661243	2.6443041844229263	0.008368813097056513	0.3012772714940345	FALSE
Lactobacilli	chr4_89859751_C_T:Case_statusPD	-4.483210739635323e-4	0.003647876365393622	-0.12289919642470024	0.9022220978065426	1	FALSE
Lactobacilli	(Intercept)	-0.006869616235136267	0.005600546715887739	-1.2265974347912154	0.22038517816703418	1	FALSE
Lactobacilli	Age_at_collection	1.3984093757864522e-4	7.79782671051775e-5	1.7933322035744526	0.07335015363358721	1	FALSE
Lactobacilli	seqs_scaled	1.583858298422723e-4	6.695910651360866e-4	0.23654113396821122	0.813081794655895	1	FALSE
Lactobacilli	chr6_32441753_G_A	-9.995182806171975e-4	0.0017878151310420204	-0.5590725032261208	0.5762905422343594	1	FALSE
Lactobacilli	Case_statusPD	0.0027807871831692266	0.002890447882416892	0.9620610010252214	0.33635022283016147	1	FALSE
Lactobacilli	chr6_32441753_G_A:Case_statusPD	0.0010254387785347402	0.002113011608106333	0.48529727645639	0.6276168999771579	1	FALSE
Lactobacilli	(Intercept)	-0.007618127970631123	0.0053118413629387835	-1.4341783668058157	0.151966653683102	1	FALSE
Lactobacilli	Age_at_collection	1.3806047710818335e-4	7.792489172110319e-5	1.7717121456171954	0.07687610462253151	1	FALSE
Lactobacilli	seqs_scaled	1.7807052285604962e-4	6.688116249589425e-4	0.2662491443191962	0.7901255176368946	1	FALSE
Lactobacilli	chr6_32602640_A_C	-9.915842502364646e-4	0.0023177311444841503	-0.4278253983842281	0.668909455460744	1	FALSE
Lactobacilli	Case_statusPD	0.0037520229714556414	0.0017260033481694016	2.173821374932462	0.03005201723536899	1	FALSE
Lactobacilli	chr6_32602640_A_C:Case_statusPD	7.793103152494709e-4	0.002779340990471162	0.28039391996926577	0.7792579099105192	1	FALSE
Lactobacilli	(Intercept)	-0.007616496867999771	0.005312130285138174	-1.4337933106250345	0.15207650464226716	1	FALSE
Lactobacilli	Age_at_collection	1.38035695009211e-4	7.792942763843313e-5	1.7712910153742067	0.07694613663085512	1	FALSE
Lactobacilli	seqs_scaled	1.7809277286820759e-4	6.688084522530188e-4	0.2662836754952266	0.7900989360837055	1	FALSE
Lactobacilli	chr6_32604184_T_C	-9.915879471499164e-4	0.0023176916206948932	-0.42783428921083866	0.6689029850801012	1	FALSE
Lactobacilli	Case_statusPD	0.0037530210727939645	0.001726343095202262	2.1739717227844864	0.030040675896718855	1	FALSE
Lactobacilli	chr6_32604184_T_C:Case_statusPD	7.769106992475529e-4	0.002778984985507642	0.27956635365038984	0.7798925726023128	1	FALSE
Lactobacilli	(Intercept)	-0.007679189851118111	0.0052683469284429095	-1.4576089910972776	0.14539553747753955	1	FALSE
Lactobacilli	Age_at_collection	1.377326154397808e-4	7.781692106138603e-5	1.7699571450678464	0.07716829706313241	1	FALSE
Lactobacilli	seqs_scaled	2.0296372158157798e-4	6.67748097416882e-4	0.30395252695847913	0.7612541290502667	1	FALSE
Lactobacilli	chr6_32684419_T_C	-0.0011663230240022823	0.002932895713051869	-0.39766944962003004	0.69099475209295	1	FALSE
Lactobacilli	Case_statusPD	0.0043531352104801985	0.0016264835350751604	2.6764090238878677	0.007615239327120003	0.2741486157763201	FALSE
Lactobacilli	chr6_32684419_T_C:Case_statusPD	-0.001981909818022256	0.0035283278684771005	-0.5617136195672454	0.5744904366859925	1	FALSE
Lactobacilli	(Intercept)	-0.00789751233866388	0.00527409026210092	-1.4974169849565537	0.13473427014812356	1	FALSE
Lactobacilli	Age_at_collection	1.4120488239739503e-4	7.775279264264141e-5	1.8160747363298568	0.06978533857798117	1	FALSE
Lactobacilli	seqs_scaled	2.1212638631374668e-4	6.675313942526544e-4	0.3177773931535254	0.7507483007475597	1	FALSE
Lactobacilli	chr6_32698883_C_T	-0.0011431736382154175	0.002865106179160506	-0.398998699081503	0.6900155058318065	1	FALSE
Lactobacilli	Case_statusPD	0.004429823200755323	0.001636343430275221	2.7071476065450755	0.006951448068318693	0.250252130459473	FALSE
Lactobacilli	chr6_32698883_C_T:Case_statusPD	-0.0022230414857804474	0.0034277799801485562	-0.648536807687436	0.5168498953545869	1	FALSE
Opportunistic Pathogens	(Intercept)	5.947146286636782e-4	0.0027435675958404036	0.21676689488727777	0.8284529913502612	1	FALSE
Opportunistic Pathogens	Age_at_collection	-8.228601185871789e-6	3.9931396104569095e-5	-0.20606845711888952	0.8367971843571553	1	FALSE
Opportunistic Pathogens	seqs_scaled	-1.034944951042697e-4	3.4294972291853975e-4	-0.30177745654237653	0.7629110937726767	1	FALSE
Opportunistic Pathogens	chr4_89587189_T_G	1.1778139273215209e-5	0.0011564887937753308	0.010184395505265335	0.9918770620350579	1	FALSE
Opportunistic Pathogens	Case_statusPD	-2.5602691765343525e-4	9.700897311710143e-4	-0.26392086157265077	0.7919183558727055	1	FALSE
Opportunistic Pathogens	chr4_89587189_T_G:Case_statusPD	0.002320308587372156	0.0013567372554635893	1.7102121859101747	0.08766849727273866	1	FALSE
Opportunistic Pathogens	(Intercept)	2.4141016876252626e-4	0.002862146842611742	0.08434583619834009	0.9328055172945617	1	FALSE
Opportunistic Pathogens	Age_at_collection	-3.1835433473126592e-6	4.02930859156068e-5	-0.07900966815945887	0.9370474490928311	1	FALSE
Opportunistic Pathogens	seqs_scaled	-1.4114310816368877e-4	3.4507635577661595e-4	-0.40901993370724393	0.6826497858414874	1	FALSE
Opportunistic Pathogens	chr4_89685975_C_G	2.49169378252426e-5	9.917305313174877e-4	0.025124705792954775	0.9799626341128073	1	FALSE
Opportunistic Pathogens	Case_statusPD	0.002104172339816901	0.00146780912424494	1.4335463004423783	0.15214700496569938	1	FALSE
Opportunistic Pathogens	chr4_89685975_C_G:Case_statusPD	-0.0012926631769831106	0.001168554520988289	-1.1062069880058814	0.26901587772186125	1	FALSE
Opportunistic Pathogens	(Intercept)	3.256655962051171e-4	0.003153027009394949	0.10328664969717809	0.9177649695272913	1	FALSE
Opportunistic Pathogens	Age_at_collection	-4.344019705887781e-6	4.00504231492498e-5	-0.10846376553125509	0.9136588155855875	1	FALSE
Opportunistic Pathogens	seqs_scaled	-1.3797851039877338e-4	3.448384770378477e-4	-0.4001250428432601	0.689186145210682	1	FALSE
Opportunistic Pathogens	chr4_89715479_G_A	1.3301255986107972e-5	0.001081744751916439	0.012296113258273933	0.9901928618362275	1	FALSE
Opportunistic Pathogens	Case_statusPD	0.0030909320372682486	0.0019455129247176529	1.5887491663499627	0.1125672853402349	1	FALSE
Opportunistic Pathogens	chr4_89715479_G_A:Case_statusPD	-0.0017294393845642324	0.0012536415855692613	-1.379532558964146	0.16816988377682512	1	FALSE
Opportunistic Pathogens	(Intercept)	-1.7247244676329385e-5	0.003055966175551797	-0.005643794363402978	0.9954985309250014	1	FALSE
Opportunistic Pathogens	Age_at_collection	5.701753245459077e-7	4.031640821096848e-5	0.014142512933252468	0.988720301661173	1	FALSE
Opportunistic Pathogens	seqs_scaled	-1.2559698006304708e-4	3.456013194093317e-4	-0.3634158002570861	0.7164037101746424	1	FALSE
Opportunistic Pathogens	chr4_89716450_G_A	2.9745975986319758e-5	0.0010162744255636591	0.029269629578469087	0.9766578675558913	1	FALSE
Opportunistic Pathogens	Case_statusPD	0.0022620487892496496	0.0016589771548441918	1.3635201561664043	0.17315573008763843	1	FALSE
Opportunistic Pathogens	chr4_89716450_G_A:Case_statusPD	-0.0013222973300482024	0.0011857594264548413	-1.1151480650687966	0.2651685818487036	1	FALSE
Opportunistic Pathogens	(Intercept)	8.802949495571949e-4	0.002747587157093455	0.32038836230710077	0.7487692882523836	1	FALSE
Opportunistic Pathogens	Age_at_collection	-1.237466557290146e-5	4.056276446729714e-5	-0.30507451194255436	0.7603998311555008	1	FALSE
Opportunistic Pathogens	seqs_scaled	-1.357030932214426e-4	3.453828762979367e-4	-0.3929062571833509	0.6945080002798332	1	FALSE
Opportunistic Pathogens	chr4_89718364_G_T	-3.8977671624409275e-5	0.0015397291711835809	-0.02531462828261373	0.9798112000817267	1	FALSE
Opportunistic Pathogens	Case_statusPD	0.0010345382479902798	8.352336502356781e-4	1.2386213698386839	0.2158997594292872	1	FALSE
Opportunistic Pathogens	chr4_89718364_G_T:Case_statusPD	-7.17185255800589e-4	0.0017801996277950973	-0.40286788324345035	0.6871680763766106	1	FALSE
Opportunistic Pathogens	(Intercept)	-7.687856645951184e-6	0.0030529693705769727	-0.0025181571489196683	0.9979915188138652	1	FALSE
Opportunistic Pathogens	Age_at_collection	4.151482728594215e-7	4.0310454302040105e-5	0.01029877435140717	0.9917858382054656	1	FALSE
Opportunistic Pathogens	seqs_scaled	-1.2802892540374956e-4	3.456010041063772e-4	-0.37045299024751044	0.7111567451553849	1	FALSE
Opportunistic Pathogens	chr4_89720189_T_C	3.0035184505006023e-5	0.0010041387416532051	0.029911388993473512	0.9761462243222145	1	FALSE
Opportunistic Pathogens	Case_statusPD	0.002249468006799462	0.00165324005848974	1.3606420889984878	0.17406350686777886	1	FALSE
Opportunistic Pathogens	chr4_89720189_T_C:Case_statusPD	-0.001303471034368421	0.0011715495633079582	-1.1126042595141878	0.2662592804293885	1	FALSE
Opportunistic Pathogens	(Intercept)	8.786960085684694e-4	0.002747894922559251	0.31977060016184905	0.7492373786094941	1	FALSE
Opportunistic Pathogens	Age_at_collection	-1.2350293356538899e-5	4.0556086691370854e-5	-0.3045237931983876	0.7608191209814489	1	FALSE
Opportunistic Pathogens	seqs_scaled	-1.3560082788116717e-4	3.453806473188005e-4	-0.3926126982905387	0.694724740480628	1	FALSE
Opportunistic Pathogens	chr4_89723303_A_G	-3.9938538697987506e-5	0.001550156002463258	-0.025764206076371424	0.9794527337201515	1	FALSE
Opportunistic Pathogens	Case_statusPD	0.0010341396738542303	8.335458207353706e-4	1.2406512613090566	0.2151490733575214	1	FALSE
Opportunistic Pathogens	chr4_89723303_A_G:Case_statusPD	-7.112300110620323e-4	0.0017860355324347196	-0.39821716765762505	0.6905911902070674	1	FALSE
Opportunistic Pathogens	(Intercept)	-1.67496768137433e-5	0.003051238380272073	-0.005489468447316058	0.9956216194374174	1	FALSE
Opportunistic Pathogens	Age_at_collection	5.745041946276203e-7	4.0314627853476614e-5	0.014250514644849359	0.9886341681383913	1	FALSE
Opportunistic Pathogens	seqs_scaled	-1.2762202490817319e-4	3.4558227525116955e-4	-0.36929563246673275	0.7120187432969338	1	FALSE
Opportunistic Pathogens	chr4_89744890_C_T	2.9078642328497274e-5	0.0010109855193707231	0.028762669465925643	0.9770620487471096	1	FALSE
Opportunistic Pathogens	Case_statusPD	0.002251471903536224	0.0016560590729051837	1.3595359853839766	0.17441333116087035	1	FALSE
Opportunistic Pathogens	chr4_89744890_C_T:Case_statusPD	-0.0013144634527171661	0.0011797070071146581	-1.1142287405176112	0.2655624009171348	1	FALSE
Opportunistic Pathogens	(Intercept)	9.823351323897449e-5	0.0028659270125240125	0.03427634856355276	0.9726665283925431	1	FALSE
Opportunistic Pathogens	Age_at_collection	-1.2839015721087337e-6	4.0421214898399184e-5	-0.03176306242491441	0.9746700319919821	1	FALSE
Opportunistic Pathogens	seqs_scaled	-1.3066850609651812e-4	3.4610689160601634e-4	-0.3775380070884631	0.7058879379104934	1	FALSE
Opportunistic Pathogens	chr4_89757390_G_A	4.020429100971214e-5	9.190492512180337e-4	0.04374552392750292	0.9651196908919601	1	FALSE
Opportunistic Pathogens	Case_statusPD	0.0018022752096437562	0.0013969298068330024	1.2901687692738961	0.19741688053879086	1	FALSE
Opportunistic Pathogens	chr4_89757390_G_A:Case_statusPD	-0.001039675530484907	0.0010902419360993751	-0.9536190968810256	0.3406047254613933	1	FALSE
Opportunistic Pathogens	(Intercept)	8.742426480047805e-4	0.0027501753293841967	0.31788615026247646	0.7506658341996645	1	FALSE
Opportunistic Pathogens	Age_at_collection	-1.2273002430977219e-5	4.0534041517791736e-5	-0.3027825988087122	0.7621452423835533	1	FALSE
Opportunistic Pathogens	seqs_scaled	-1.375177004940613e-4	3.4542083471513575e-4	-0.3981164037411653	0.6906654270447239	1	FALSE
Opportunistic Pathogens	chr4_89761323_T_C	-4.722366947080288e-5	0.001649199294158066	-0.028634301286741135	0.9771643930521354	1	FALSE
Opportunistic Pathogens	Case_statusPD	0.0010336771934420035	8.305431534709563e-4	1.2445797537697127	0.21370161198520674	1	FALSE
Opportunistic Pathogens	chr4_89761323_T_C:Case_statusPD	-7.350038897399995e-4	0.001885462911226696	-0.3898267557338482	0.6967828984810295	1	FALSE
Opportunistic Pathogens	(Intercept)	6.899069014627978e-4	0.0028099395546336958	0.24552375168537535	0.8061226804139965	1	FALSE
Opportunistic Pathogens	Age_at_collection	-9.976456480081035e-6	4.022403317547458e-5	-0.24802228151909655	0.8041896976998075	1	FALSE
Opportunistic Pathogens	seqs_scaled	-1.4914139327528117e-4	3.447856415559498e-4	-0.43256265719835485	0.6654653735609595	1	FALSE
Opportunistic Pathogens	chr4_89838405_C_T	2.590268457594328e-5	8.785079068649215e-4	0.029484862200478804	0.9764862720837573	1	FALSE
Opportunistic Pathogens	Case_statusPD	0.0020098668148266392	0.0013253789745293074	1.5164468830814368	0.12985654578730813	1	FALSE
Opportunistic Pathogens	chr4_89838405_C_T:Case_statusPD	-0.0011516560581821625	0.0010698173706956923	-1.0764978114285537	0.28207448689271264	1	FALSE
Opportunistic Pathogens	(Intercept)	5.390078800328084e-4	0.0030901807759493296	0.17442600259113342	0.8615809707709121	1	FALSE
Opportunistic Pathogens	Age_at_collection	-7.94525563040056e-6	4.030286981047576e-5	-0.1971387066916853	0.8437760571724114	1	FALSE
Opportunistic Pathogens	seqs_scaled	-1.355653422170882e-4	3.456952892812559e-4	-0.39215270332131413	0.695064413948421	1	FALSE
Opportunistic Pathogens	chr4_89840793_T_G	2.800716790937739e-5	0.001083705594155247	0.02584388976159996	0.9793891991616721	1	FALSE
Opportunistic Pathogens	Case_statusPD	-5.198377636515346e-4	0.002166535017645252	-0.23993970068230522	0.8104470472135803	1	FALSE
Opportunistic Pathogens	chr4_89840793_T_G:Case_statusPD	8.599617345126026e-4	0.0013033660913462186	0.6598006041605445	0.5095981993608191	1	FALSE
Opportunistic Pathogens	(Intercept)	7.375902300005353e-4	0.0027432864440942494	0.2688710220503661	0.7881079358724876	1	FALSE
Opportunistic Pathogens	Age_at_collection	-1.0163165434800274e-5	4.034225439312357e-5	-0.2519235870103632	0.8011738624662678	1	FALSE
Opportunistic Pathogens	seqs_scaled	-1.2889506019005066e-4	3.456016212390261e-4	-0.37295849402541964	0.7092919188045066	1	FALSE
Opportunistic Pathogens	chr4_89859751_C_T	-7.289904287555317e-5	0.0016372593157396038	-0.044525043879577675	0.9644985515541467	1	FALSE
Opportunistic Pathogens	Case_statusPD	0.0010032228704580193	8.115576953011984e-4	1.236169500044833	0.21680901793432542	1	FALSE
Opportunistic Pathogens	chr4_89859751_C_T:Case_statusPD	-6.989250346514502e-4	0.0018837109628607877	-0.3710362409262588	0.7107224811586796	1	FALSE
Opportunistic Pathogens	(Intercept)	4.989464243012543e-4	0.002893151483544635	0.1724577600374919	0.8631273732605002	1	FALSE
Opportunistic Pathogens	Age_at_collection	-7.603520002165137e-6	4.028230646118696e-5	-0.1887558253272147	0.8503387502428146	1	FALSE
Opportunistic Pathogens	seqs_scaled	-1.301341555920188e-4	3.458998704485643e-4	-0.37621915100245723	0.7068676510306429	1	FALSE
Opportunistic Pathogens	chr6_32441753_G_A	5.0908406289933494e-5	9.2355626353487e-4	0.05512214934809046	0.9560568340674195	1	FALSE
Opportunistic Pathogens	Case_statusPD	0.0011571464882454419	0.0014931584367290373	0.7749656431505859	0.4386209136904451	1	FALSE
Opportunistic Pathogens	chr6_32441753_G_A:Case_statusPD	-2.771617283049914e-4	0.0010915474825694516	-0.253916327719034	0.799634551419582	1	FALSE
Opportunistic Pathogens	(Intercept)	4.404818884511584e-4	0.0027395310893523557	0.16078732968688134	0.8723071628553545	1	FALSE
Opportunistic Pathogens	Age_at_collection	-6.133683630511741e-6	4.0189013360570575e-5	-0.15262090600436326	0.8787410926555781	1	FALSE
Opportunistic Pathogens	seqs_scaled	-1.2376374013549045e-4	3.4493316240182426e-4	-0.3588049907225618	0.7198488621685153	1	FALSE
Opportunistic Pathogens	chr6_32602640_A_C	6.780222617291242e-5	0.001195347543956335	0.05672176808805086	0.9547829737981646	1	FALSE
Opportunistic Pathogens	Case_statusPD	4.536512901864572e-4	8.901696247231899e-4	0.5096234218590936	0.6104754781612657	1	FALSE
Opportunistic Pathogens	chr6_32602640_A_C:Case_statusPD	0.001141048926724974	0.001433418381887559	0.7960334129540142	0.42628171204085674	1	FALSE
Opportunistic Pathogens	(Intercept)	4.330339547191779e-4	0.0027397002364774577	0.15805888138913585	0.874455855409122	1	FALSE
Opportunistic Pathogens	Age_at_collection	-6.0202215591614415e-6	4.0191648146674686e-5	-0.14978787476421349	0.8809749994122595	1	FALSE
Opportunistic Pathogens	seqs_scaled	-1.2396415637656413e-4	3.4493406156134156e-4	-0.35938508309513206	0.7194151073994426	1	FALSE
Opportunistic Pathogens	chr6_32604184_T_C	6.776613195263026e-5	0.0011953359463084887	0.056692122546728285	0.9548065810544322	1	FALSE
Opportunistic Pathogens	Case_statusPD	4.5359760366474853e-4	8.903513905521314e-4	0.5094590837708022	0.6105905781603687	1	FALSE
Opportunistic Pathogens	chr6_32604184_T_C:Case_statusPD	0.0011380444262806318	0.0014332453108808782	0.7940332458378567	0.42744440217128954	1	FALSE
Opportunistic Pathogens	(Intercept)	5.857789643568334e-4	0.0027254118208837248	0.21493227550722682	0.8298825439011495	1	FALSE
Opportunistic Pathogens	Age_at_collection	-8.480733678099607e-6	4.02561105800524e-5	-0.2106694749169821	0.8332063300172791	1	FALSE
Opportunistic Pathogens	seqs_scaled	-1.2572936158754023e-4	3.4543825279374036e-4	-0.36397058105378	0.7159895713491573	1	FALSE
Opportunistic Pathogens	chr6_32684419_T_C	1.5080640361843695e-4	0.0015172403705261007	0.09939519574353606	0.9208528733404061	1	FALSE
Opportunistic Pathogens	Case_statusPD	0.0010141438388537596	8.414095565792099e-4	1.2052915621457985	0.22849689304462417	1	FALSE
Opportunistic Pathogens	chr6_32684419_T_C:Case_statusPD	-9.149408465877235e-4	0.001825268269404398	-0.501263765948376	0.6163426476516539	1	FALSE
Opportunistic Pathogens	(Intercept)	5.265962342587239e-4	0.0027296733632862767	0.19291547528776493	0.8470809631318623	1	FALSE
Opportunistic Pathogens	Age_at_collection	-7.5571006336593585e-6	4.0241959551369964e-5	-0.1877915667603739	0.8510943136267414	1	FALSE
Opportunistic Pathogens	seqs_scaled	-1.2431823932129393e-4	3.4548947315948564e-4	-0.359832206128914	0.719080840096023	1	FALSE
Opportunistic Pathogens	chr6_32698883_C_T	1.3442996304142404e-4	0.0014828726152908036	0.09065509852649158	0.9277925097652995	1	FALSE
Opportunistic Pathogens	Case_statusPD	0.0010098202695888404	8.469106239815232e-4	1.192357541627523	0.23352396907850084	1	FALSE
Opportunistic Pathogens	chr6_32698883_C_T:Case_statusPD	-8.35546697618371e-4	0.001774091690135438	-0.4709715412480082	0.6378073708973722	1	FALSE
Strepto-Actino	(Intercept)	0.004936864809549992	0.004354883861637266	1.13363868392438	0.2573331304644732	1	FALSE
Strepto-Actino	Age_at_collection	-4.625759759752281e-5	6.338338181719395e-5	-0.7298063983227628	0.4657519812831359	1	FALSE
Strepto-Actino	seqs_scaled	8.426302194741534e-5	5.443664723097276e-4	0.15479098407712424	0.8770305920346936	1	FALSE
Strepto-Actino	chr4_89587189_T_G	2.464972219863493e-4	0.0018357026784440518	0.1342794913799882	0.8932200573798681	1	FALSE
Strepto-Actino	Case_statusPD	1.4562549951308826e-4	0.001539830154366073	0.0945724430062485	0.9246814259948914	1	FALSE
Strepto-Actino	chr4_89587189_T_G:Case_statusPD	0.004122041361708151	0.0021535584496836734	1.9140605922786165	0.05601871975349518	1	FALSE
Strepto-Actino	(Intercept)	0.004609847226674645	0.004567412643077339	1.0092907269198947	0.3131829763568786	1	FALSE
Strepto-Actino	Age_at_collection	-4.277831371376178e-5	6.429968836665619e-5	-0.6652958171403095	0.5060798211998343	1	FALSE
Strepto-Actino	seqs_scaled	2.2311840825053975e-5	5.506726932161714e-4	0.04051742732101529	0.9676921337398654	1	FALSE
Strepto-Actino	chr4_89685975_C_G	1.8941748434797307e-4	0.0015826031354603557	0.11968729247643904	0.9047651107152115	1	FALSE
Strepto-Actino	Case_statusPD	0.003187432073805582	0.0023423291397526814	1.3607959785455823	0.174014878298239	1	FALSE
Strepto-Actino	chr4_89685975_C_G:Case_statusPD	-0.0010914915758899388	0.0018647787785817352	-0.5853196038192139	0.5585209335367063	1	FALSE
Strepto-Actino	(Intercept)	0.004528248933626548	0.005018159260234833	0.9023725033020655	0.3671685299154348	1	FALSE
Strepto-Actino	Age_at_collection	-3.975517739247843e-5	6.374173174028674e-5	-0.6236915174262818	0.5330327931575349	1	FALSE
Strepto-Actino	seqs_scaled	1.9972132965089512e-05	5.488232075642189e-4	0.03639083167369983	0.9709810699389159	1	FALSE
Strepto-Actino	chr4_89715479_G_A	6.280998175127159e-5	0.0017216368359247226	0.036482712521386775	0.9709078344326671	1	FALSE
Strepto-Actino	Case_statusPD	0.005848421529017795	0.003096355873257139	1.8888079304869065	0.05932954601335187	1	FALSE
Strepto-Actino	chr4_89715479_G_A:Case_statusPD	-0.0028762303041178438	0.0019952170130147647	-1.4415626397310395	0.1498717229791423	1	FALSE
Strepto-Actino	(Intercept)	0.003818681932366675	0.004869265872724776	0.7842418204676492	0.4331627716910894	1	FALSE
Strepto-Actino	Age_at_collection	-3.381655306830499e-5	6.42387053178241e-5	-0.5264202150556422	0.5987625505739724	1	FALSE
Strepto-Actino	seqs_scaled	3.2181770661299325e-5	5.506686309656737e-4	0.058441263677693304	0.9534137784748762	1	FALSE
Strepto-Actino	chr4_89716450_G_A	3.1439348804727035e-4	0.0016192948787551878	0.19415456207022425	0.8461110288654163	1	FALSE
Strepto-Actino	Case_statusPD	0.0043934435221265455	0.0026433541406112836	1.6620714775321586	0.096944873836842	1	FALSE
Strepto-Actino	chr4_89716450_G_A:Case_statusPD	-0.0020766991468463346	0.0018893461435173535	-1.0991628791642118	0.27207383826427495	1	FALSE
Strepto-Actino	(Intercept)	0.005959790777329422	0.004368695669853455	1.3642036955001122	0.17294065569459935	1	FALSE
Strepto-Actino	Age_at_collection	-5.842302479157269e-5	6.449526925035747e-5	-0.9058497696131237	0.36532617186381744	1	FALSE
Strepto-Actino	seqs_scaled	1.6304615971445988e-5	5.491628071665956e-4	0.029689949426053856	0.9763227661030224	1	FALSE
Strepto-Actino	chr4_89718364_G_T	-6.42516437274584e-4	0.0024481873652417727	-0.26244577780146	0.7930547803004688	1	FALSE
Strepto-Actino	Case_statusPD	0.002578046288382197	0.0013280312588738713	1.9412542221094249	0.0526273045773645	1	FALSE
Strepto-Actino	chr4_89718364_G_T:Case_statusPD	-0.0015721368853960137	0.0028305381997964572	-0.5554197733523135	0.5787845189625798	1	FALSE
Strepto-Actino	(Intercept)	0.0038609518149977607	0.004864806875884206	0.7936495555737784	0.42766765139772034	1	FALSE
Strepto-Actino	Age_at_collection	-3.420625607408003e-5	6.423339098928459e-5	-0.5325307530437917	0.59452696145935	1	FALSE
Strepto-Actino	seqs_scaled	2.9152244214090033e-5	5.507039006983055e-4	0.052936331442585215	0.9577976966957251	1	FALSE
Strepto-Actino	chr4_89720189_T_C	2.9926725192133636e-4	0.0016000622547395666	0.18703475507585576	0.8516874240142955	1	FALSE
Strepto-Actino	Case_statusPD	0.004331843393878241	0.0026343839809005775	1.6443477584453647	0.10055209743441092	1	FALSE
Strepto-Actino	chr4_89720189_T_C:Case_statusPD	-0.0020104508620570447	0.0018668259255881716	-1.0769353663350385	0.2818790869426168	1	FALSE
Strepto-Actino	(Intercept)	0.005948325553077208	0.004369271956079141	1.3613997052303113	0.17382420093725198	1	FALSE
Strepto-Actino	Age_at_collection	-5.837501166317002e-5	6.44859345872969e-5	-0.9052363439680895	0.3656507619233571	1	FALSE
Strepto-Actino	seqs_scaled	1.67930595953904e-5	5.491701899201557e-4	0.030578971516702236	0.9756140040337129	1	FALSE
Strepto-Actino	chr4_89723303_A_G	-6.083196033998547e-4	0.002464815191260072	-0.24680130403158837	0.8051341554371129	1	FALSE
Strepto-Actino	Case_statusPD	0.0025831880283381462	0.0013253739612627041	1.949025787315984	0.051690294765577106	1	FALSE
Strepto-Actino	chr4_89723303_A_G:Case_statusPD	-0.001583490983119789	0.002839873861392032	-0.5575920130282136	0.5773007649986415	1	FALSE
Strepto-Actino	(Intercept)	0.003851156856261083	0.004861957848437183	0.792100009155569	0.42856994314215613	1	FALSE
Strepto-Actino	Age_at_collection	-3.396960759458812e-5	6.42388423553971e-5	-0.5288016774438982	0.5971101819282211	1	FALSE
Strepto-Actino	seqs_scaled	2.9873862892240307e-5	5.506637784519418e-4	0.05425064088330534	0.9567509094954705	1	FALSE
Strepto-Actino	chr4_89744890_C_T	2.961991942212276e-4	0.0016109423020965457	0.1838670409459991	0.854170857963285	1	FALSE
Strepto-Actino	Case_statusPD	0.004339723004564344	0.0026388267331210647	1.644565347961118	0.1005071713115824	1	FALSE
Strepto-Actino	chr4_89744890_C_T:Case_statusPD	-0.0020318110676331314	0.0018797894583333116	-1.080871614970438	0.28012540417329296	1	FALSE
Strepto-Actino	(Intercept)	0.004330968332479282	0.004565166477580421	0.9486988817929667	0.3431002532298636	1	FALSE
Strepto-Actino	Age_at_collection	-3.665235049613088e-5	6.438739522355513e-5	-0.5692472939598306	0.5693704162452349	1	FALSE
Strepto-Actino	seqs_scaled	3.240637095102902e-5	5.513174523686889e-4	0.058779875028076446	0.9531441660495277	1	FALSE
Strepto-Actino	chr4_89757390_G_A	7.548542286124381e-5	0.0014639636022031463	0.05156236312681844	0.9588920774021006	1	FALSE
Strepto-Actino	Case_statusPD	0.003431171658100571	0.002225184764935979	1.541971575649939	0.12353113442726259	1	FALSE
Strepto-Actino	chr4_89757390_G_A:Case_statusPD	-0.0014362936615322337	0.0017366583019676751	-0.8270444795645054	0.40849288034740383	1	FALSE
Strepto-Actino	(Intercept)	0.00596889115773771	0.004372135951701698	1.3652117005681244	0.17262385406166308	1	FALSE
Strepto-Actino	Age_at_collection	-5.8953508953288954e-5	6.443965164482391e-5	-0.9148638679524017	0.3605772316019792	1	FALSE
Strepto-Actino	seqs_scaled	1.060431490592498e-5	5.491383890288247e-4	0.019310824225345413	0.9845986362112092	1	FALSE
Strepto-Actino	chr4_89761323_T_C	-5.476175212950869e-4	0.0026218413962443925	-0.208867524206274	0.8346122475483192	1	FALSE
Strepto-Actino	Case_statusPD	0.0026299266116260748	0.0013203694840587333	1.991811113008947	0.04677877853998803	1	FALSE
Strepto-Actino	chr4_89761323_T_C:Case_statusPD	-0.001843492707306613	0.0029974453234660574	-0.6150212959263971	0.5387399615185284	1	FALSE
Strepto-Actino	(Intercept)	0.005299000476741854	0.004468506328822438	1.1858549785557253	0.23608079800290993	1	FALSE
Strepto-Actino	Age_at_collection	-4.932152536094317e-5	6.396626807113044e-5	-0.771055227203464	0.440933635524972	1	FALSE
Strepto-Actino	seqs_scaled	-2.499983329525721e-6	5.48295360602769e-4	-0.00455955586926244	0.9963633087392804	1	FALSE
Strepto-Actino	chr4_89838405_C_T	-4.747530094988497e-5	0.0013970471839057756	-0.03398260380666353	0.9729006827383071	1	FALSE
Strepto-Actino	Case_statusPD	0.004251170777857749	0.002107683891636045	2.0169868900776518	0.044077083372351125	1	FALSE
Strepto-Actino	chr4_89838405_C_T:Case_statusPD	-0.0021198358080163977	0.001701277055499176	-1.2460262137576477	0.21317043825696283	1	FALSE
Strepto-Actino	(Intercept)	0.00796830598983426	0.00491626804207324	1.6208038133075315	0.10550877890153942	1	FALSE
Strepto-Actino	Age_at_collection	-3.960411581937188e-5	6.411913257476342e-5	-0.6176645601559435	0.536996785894947	1	FALSE
Strepto-Actino	seqs_scaled	-1.3099880777123459e-5	5.499777605944727e-4	-0.023818928174411554	0.9810038106185375	1	FALSE
Strepto-Actino	chr4_89840793_T_G	-0.0021782491872187368	0.0017241021046494253	-1.2634107813827282	0.2068610122517412	1	FALSE
Strepto-Actino	Case_statusPD	-0.0029994083777750754	0.0034468102811913252	-0.8701982798828098	0.3844895102307059	1	FALSE
Strepto-Actino	chr4_89840793_T_G:Case_statusPD	0.0032677099794359743	0.0020735670585611057	1.5758882578427489	0.11550207566866726	1	FALSE
Strepto-Actino	(Intercept)	0.0055077987379120634	0.0043667683289794895	1.2612985903924132	0.20762026390540073	1	FALSE
Strepto-Actino	Age_at_collection	-5.043973990358948e-5	6.421687359071617e-5	-0.7854592894862067	0.43244934248381817	1	FALSE
Strepto-Actino	seqs_scaled	2.4771858997585347e-5	5.501292864693261e-4	0.04502915879386939	0.9640968727248747	1	FALSE
Strepto-Actino	chr4_89859751_C_T	-0.0013863524102590103	0.002606192343380639	-0.5319455464521451	0.5949320094546511	1	FALSE
Strepto-Actino	Case_statusPD	0.002178590624374511	0.00129183900886841	1.6864257925473651	0.09215813170142735	1	FALSE
Strepto-Actino	chr4_89859751_C_T:Case_statusPD	2.1954635087579767e-4	0.0029984945215182717	0.07321886009804399	0.9416528152038686	1	FALSE
Strepto-Actino	(Intercept)	0.00503005483803921	0.004594696167347545	1.0947524395161456	0.27400057498818453	1	FALSE
Strepto-Actino	Age_at_collection	-4.195653944443617e-5	6.397347673007857e-5	-0.6558427271580405	0.5121402060230904	1	FALSE
Strepto-Actino	seqs_scaled	2.376424553881514e-5	5.49333423457262e-4	0.043260148616578745	0.9655064597876558	1	FALSE
Strepto-Actino	chr6_32441753_G_A	-2.221238040353261e-4	0.0014667259728807834	-0.15144192449190405	0.879670628749036	1	FALSE
Strepto-Actino	Case_statusPD	0.0038315719103437715	0.0023713273865895433	1.6157920378317565	0.10658857797993997	1	FALSE
Strepto-Actino	chr6_32441753_G_A:Case_statusPD	-0.0015344453739468912	0.0017335176063767782	-0.8851628436321639	0.37637189343118793	1	FALSE
Strepto-Actino	(Intercept)	0.00459402194376852	0.00436721099493276	1.0519349646946132	0.29319134790654017	1	FALSE
Strepto-Actino	Age_at_collection	-4.583235446362191e-5	6.406713240304061e-5	-0.7153801449282085	0.4746120352721327	1	FALSE
Strepto-Actino	seqs_scaled	3.2130075528435854e-5	5.49873628086585e-4	0.05843174483606357	0.9534213577369669	1	FALSE
Strepto-Actino	chr6_32602640_A_C	0.001302866164663137	0.0019055578368946714	0.6837190346246899	0.4943782148423286	1	FALSE
Strepto-Actino	Case_statusPD	0.0024690941838397228	0.0014190598484375404	1.739950705080075	0.08230591764267686	1	FALSE
Strepto-Actino	chr6_32602640_A_C:Case_statusPD	-0.0011436411427419783	0.0022850773776756047	-0.5004824580186853	0.6168922684975592	1	FALSE
Strepto-Actino	(Intercept)	0.0045944307397443	0.004367458737771667	1.0519688944075605	0.29317579122396004	1	FALSE
Strepto-Actino	Age_at_collection	-4.5832470190638815e-5	6.407101132689305e-5	-0.715338641320949	0.4746376583185904	1	FALSE
Strepto-Actino	seqs_scaled	3.204856919349567e-5	5.4987230393428e-4	0.05828365779507613	0.9535392707888851	1	FALSE
Strepto-Actino	chr6_32604184_T_C	0.0013016468391357718	0.0019055297925549264	0.6830892092169963	0.49477584394708773	1	FALSE
Strepto-Actino	Case_statusPD	0.002471976133313267	0.0014193424917733897	1.7416346989123606	0.08201040728336731	1	FALSE
Strepto-Actino	chr6_32604184_T_C:Case_statusPD	-0.0011525641854820798	0.0022847900193727873	-0.5044508141708698	0.6141029131347827	1	FALSE
Strepto-Actino	(Intercept)	0.005033554566478968	0.004340618676533945	1.1596398904356977	0.24658971708952043	1	FALSE
Strepto-Actino	Age_at_collection	-4.571353946667151e-5	6.41137695556528e-5	-0.7130065785165025	0.4760786244386249	1	FALSE
Strepto-Actino	seqs_scaled	3.602794447924912e-5	5.501611610312796e-4	0.06548616483888935	0.9478055656767521	1	FALSE
Strepto-Actino	chr6_32684419_T_C	-1.0107815700314333e-4	0.0024164281664271273	-0.04182957242738776	0.9666464542546404	1	FALSE
Strepto-Actino	Case_statusPD	0.0021364848642289156	0.0013400683184523698	1.5943104055294126	0.11131662653875263	1	FALSE
Strepto-Actino	chr6_32684419_T_C:Case_statusPD	-2.313697176966586e-4	0.002907007843421083	-0.0795903314193929	0.9365857678048949	1	FALSE
Strepto-Actino	(Intercept)	0.005033237356639772	0.004347029554880051	1.1578567141300826	0.24731629160305324	1	FALSE
Strepto-Actino	Age_at_collection	-4.511819097362513e-5	6.408568507460156e-5	-0.704029159103214	0.48164807730791825	1	FALSE
Strepto-Actino	seqs_scaled	3.8777184405747506e-5	5.501951152558888e-4	0.0704789688794542	0.9438325116632595	1	FALSE
Strepto-Actino	chr6_32698883_C_T	-2.7094393261938867e-4	0.002361488070877058	-0.11473440664841468	0.9086884494346931	1	FALSE
Strepto-Actino	Case_statusPD	0.0021340220323938027	0.0013487128395308602	1.5822656757209388	0.11403933413294565	1	FALSE
Strepto-Actino	chr6_32698883_C_T:Case_statusPD	-2.215006640698136e-4	0.0028252570852657895	-0.07840018001369799	0.9375320716597633	1	FALSE
