CHROM	CHROM_START	CHROM_END	RSID	GENE	PD_RISK_ALLELE
chr1	93086630	93086630	rs11164870	NA	C
chr1	101414449	101414449	rs2338971	HUSEYO	C
chr1	147747118	147747118	rs6593808	NA	NA
chr1	154882579	154882579	rs1630500	GBA	NA
chr1	154925709	154925709	rs114138760	PMVK	C
chr1	154951539	154951539	rs116114495	NA	NA
chr1	155042492	155042492	rs146143531	NA	T
chr1	155148667	155148667	rs35682329	NA	A
chr1	155162560	155162560	rs35749011	GBA	A
chr1	155179361	155179361	rs114525519	NA	NA
chr1	155235252	155235252	rs421016	NA	G
chr1	155235843	155235843	rs76763715	GBAP1	T
chr1	155235878	155235878	rs3115534	NA	G
chr1	155236376	155236376	rs2230288	NA	T
chr1	155401328	155401328	rs145330152	ASH1L	C
chr1	155419060	155419060	rs12734374	NA	A
chr1	155432750	155432750	rs116540837	NA	NA
chr1	155900625	155900625	rs1749409	NA	NA
chr1	155974835	155974835	rs71628699	NA	NA
chr1	156060246	156060246	rs34372695	SYT11	T
chr1	156094089	156094089	rs10737170	NA	A
chr1	156129878	156129878	rs513043	NA	NA
chr1	156130948	156130948	rs577492	NA	NA
chr1	156137072	156137072	rs553016	NA	NA
chr1	156176849	156176849	rs41265017	NA	NA
chr1	156185069	156185069	rs35643925	SEMA4A	A
chr1	156242034	156242034	rs1800247	NA	NA
chr1	156330940	156330940	rs35161831	NA	T
chr1	156364040	156364040	rs2764407	NA	NA
chr1	161499264	161499264	rs6658353	FCGR2A	C
chr1	161647726	161647726	rs17411858	NA	A
chr1	171704096	171704096	rs10903	NA	A
chr1	171750629	171750629	rs11578699	VAMP4	T
chr1	205694350	205694350	rs12118655	NA	A
chr1	205714227	205714227	rs3805	NUCKS1	T
chr1	205754444	205754444	rs823118	NA	C
chr1	205768611	205768611	rs11557080	RAB29	A
chr1	205787356	205787356	rs6679073	PARK16	NA
chr1	226659011	226659011	rs16846351	ITPKB	NA
chr1	232528865	232528865	rs10797576	SIPA1L2	T
chr1	232533936	232533936	rs1326293	NA	T
chr2	17966582	17966582	rs76116224	KCNS3	A
chr2	56375408	56375408	rs59330234	NA	NA
chr2	94894760	94894760	rs187989831	TEKT4	C
chr2	95335195	95335195	rs2042477	KCNIP3	A
chr2	101780501	101780501	rs11683001	MAP4K4	A
chr2	101796654	101796654	rs34043159	IL1R2	C
chr2	134681219	134681219	rs4954162	TMEM163	A
chr2	134707046	134707046	rs57891859	TMEM163	A
chr2	134782397	134782397	rs6430538	ACMSD	C
chr2	134834811	134834811	rs6710823	ACMSD	G
chr2	141242702	141242702	rs80306347	NA	C
chr2	165277122	165277122	rs353116	SCN3A	C
chr2	168253884	168253884	rs1474055	STK39	T
chr2	168260515	168260515	rs2102808	STK39	C
chr2	168264031	168264031	rs12987123	NA	A
chr2	168286525	168286525	rs9917256	NA	A
chr2	168299085	168299085	rs13016703	STK39	NA
chr2	168299490	168299490	rs4667572	STK39	A
chr3	18159827	18159827	rs1108439	NA	A
chr3	18181950	18181950	rs13078687	TBC1D5	A
chr3	18235996	18235996	rs4073221	SATB1	G
chr3	18320267	18320267	rs73038319	SATB1	A
chr3	28664199	28664199	rs6808178	LINC00693	T
chr3	48711556	48711556	rs12497850	IP6K2	T
chr3	52782824	52782824	rs143918452	ALAS1	A
chr3	122478045	122478045	rs55961674	KPNA1	T
chr3	122535800	122535800	rs16833168	NA	T
chr3	151391177	151391177	rs11707416	MED12L	A
chr3	151395180	151395180	rs6803771	NA	A
chr3	179143629	179143629	rs6806917	NA	T
chr3	179225280	179225280	rs7636454	NA	A
chr3	183012503	183012503	rs9858038	DCUN1D1	NA
chr3	183017423	183017423	rs2292056	MCCC1	NA
chr3	183034255	183034255	rs140278703	MCCC1	T
chr3	183037421	183037421	rs2270968	MCCC1	G
chr3	183042285	183042285	rs10513789	MCCC1	T
chr3	183044649	183044649	rs12637471	MCCC1	G
chr3	183103487	183103487	rs11711441	MCCC1	G
chr3	183160467	183160467	rs71314284	NA	T
chr4	740563	740563	rs11729193	NA	A
chr4	850993	850993	rs75072999	NA	A
chr4	864544	864544	rs11248051	GAK	T
chr4	879499	879504	rs35541465	GAK	NA
chr4	931588	931588	rs873786	GAK	T
chr4	945299	945299	rs6599388	GAK	T
chr4	945325	945325	rs6599389	GAK	A
chr4	950422	950422	rs34884217	TMEM175	A
chr4	958159	958159	rs34311866	TMEM175	C
chr4	15564251	15564251	rs11941559	NA	C
chr4	15735478	15735478	rs11724635	BST1	A
chr4	15735495	15735495	rs4266290	BST1	NA
chr4	15736314	15736314	rs4538475	BST1	NA
chr4	15751947	15751947	rs12651314	BST1	T
chr4	17956065	17956065	rs7673321	NA	A
chr4	17967188	17967188	rs34025766	LCORL	A
chr4	76173388	76173388	rs1550556	NA	T
chr4	76189212	76189212	rs6825004	SCARB2	C
chr4	76226816	76226816	rs4101061	FAM47E	A
chr4	76255695	76255695	rs12643261	FAM47E:FAM47E-STBD1:FAM47E-STBD1	T
chr4	76276901	76276901	rs6854006	FAM47E-STBD1	T
chr4	89447394	89447394	rs114762839	NA	A
chr4	89582510	89582510	rs79483792	NA	T
chr4	89587189	89587189	rs10516839	SNCA	T
chr4	89685975	89685975	rs356228	SNCA	C
chr4	89715479	89715479	rs5019538	SNCA	A
chr4	89716450	89716450	rs356219	SNCA	G
chr4	89718364	89718364	rs11931074	SNCA	NA
chr4	89720189	89720189	rs356220	SNCA	A
chr4	89723303	89723303	rs8180209	SNCA	NA
chr4	89744890	89744890	rs356203	SNCA	T
chr4	89757390	89757390	rs2736990	SNCA	C
chr4	89761323	89761323	rs6826785	SNCA	NA
chr4	89766356	89766356	rs3796661	NA	C
chr4	89836143	89836143	rs1372518	NA	A
chr4	89836158	89836158	rs1372519	NA	G
chr4	89838405	89838405	rs3806789	SNCA	C
chr4	89840793	89840793	rs983361	SNCA	T
chr4	89859751	89859751	rs6532194	SNCA	NA
chr4	89938128	89938128	rs79214011	NA	A
chr4	90059181	90059181	rs78327649	NA	C
chr4	90290373	90290373	rs75541595	NA	A
chr4	90531895	90531895	rs145138919	NA	T
chr4	113439216	113439216	rs78738012	ANK2	C
chr4	113447909	113447909	rs13117519	CAMK2D	T
chr4	169642795	169642795	rs7434295	NA	T
chr4	169662006	169662006	rs62333164	CLCN3	A
chr5	60842132	60842132	rs1867598	ELOVL7	A
chr5	60964716	60964716	rs162227	NDUFAF2	NA
chr5	60978096	60978096	rs2694528	ELOVL7	C
chr5	76303351	76303351	rs246815	NA	C
chr5	76303383	76303383	rs246814	SV2C	C
chr5	77616673	77616673	rs137887044	WDR41	C
chr5	78564785	78564785	rs344650	LHFPL2	G
chr5	103030090	103030090	rs26431	PAM	C
chr5	124774580	124774580	rs6875262	ZNF608	T
chr5	134863415	134863415	rs11950533	C5orf24	A
chr6	27331788	27331788	rs9461359	NA	T
chr6	27584991	27584991	rs9393826	NA	A
chr6	27708530	27708530	rs9468195	RSL24D1P1	A
chr6	27709015	27709015	rs4713118	ZNF184	NA
chr6	27713436	27713436	rs9468199	NA	A
chr6	27771022	27771022	rs4140646	LOC100131289	A
chr6	30140906	30140906	rs9261484	TRIM40	T
chr6	31878457	31878457	rs9267659	SLC44A4	A
chr6	32420032	32420032	rs2395163	LOC642072	NA
chr6	32441753	32441753	rs3129882	HLA-DRA	G
chr6	32597424	32597424	rs2760980	NA	A
chr6	32602640	32602640	rs2647062	HLA-DRB1	A
chr6	32604184	32604184	rs17425622	HLA-DQA1	NA
chr6	32684419	32684419	rs9275152	HLA-DQB1	C
chr6	32698883	32698883	rs9275326	HLA-DQB	C
chr6	71778059	71778059	rs12528068	RIMS1	T
chr6	111830249	111830249	rs1887316	FYN	NA
chr6	111847106	111847106	rs9487736	NA	A
chr6	111922088	111922088	rs997368	FYN	A
chr6	132797077	132797077	rs41286192	NA	A
chr6	132889222	132889222	rs75859381	RPS12	T
chr6	162403694	162403694	rs9356013	PARK2	NA
chr7	23084258	23084258	rs10256359	FAM126A	NA
chr7	23149317	23149317	rs28624974	KLHL7	T
chr7	23254127	23254127	rs199347	GPNMB	A
chr7	23260430	23260430	rs199351	GPNMB	A
chr7	33144410	33144410	rs78294974	NA	A
chr7	66544864	66544864	rs76949143	GS1-124K5.11	A
chr7	101004230	101004230	rs78837976	MUC12	C
chr8	11849665	11849665	rs2740594	CTSB	A
chr8	11854934	11854934	rs1293298	CTSB	A
chr8	16840084	16840084	rs620513	FGF20	T
chr8	16843772	16843772	rs34096562	NA	T
chr8	16854852	16854852	rs11203810	RN7SL474P	T
chr8	22595913	22595913	rs11783129	NA	A
chr8	22668467	22668467	rs2280104	BIN3	T
chr8	129889663	129889663	rs2086641	FAM49B	T
chr9	17579692	17579692	rs13294100	SH3GL2	G
chr9	17726890	17726890	rs10756905	NA	T
chr9	17727067	17727067	rs10756907	SH3GL2	A
chr9	17736344	17736344	rs2209440	SH3GL2	NA
chr9	34046393	34046393	rs6476434	UBAP2	T
chr9	101115169	101115169	rs73656147	LPPR1	NA
chr10	15514323	15514323	rs13664	NA	T
chr10	15515407	15515407	rs896435	ITGA8	T
chr10	102255522	102255522	rs10748818	GBF1	A
chr10	119612816	119612816	rs188789342	TIAL1	NA
chr10	119651405	119651405	rs144814361	BAG3	T
chr10	119656173	119656173	rs72840788	BAG3	A
chr10	119699575	119699575	rs2178923	NA	A
chr10	119776815	119776815	rs117896735	INPP5F	A
chr10	119950976	119950976	rs118117788	NA	T
chr10	120558635	120558635	rs12771445	NA	T
chr11	10511626	10511626	rs4910150	NA	T
chr11	10537230	10537230	rs7938782	RNF141	A
chr11	57926788	57926788	rs687432	CTNND1	NA
chr11	83776234	83776234	rs12283611	DLG2	A
chr11	83798730	83798730	rs6592142	NA	T
chr11	83799074	83799074	rs12278023	DLG2	NA
chr11	133895472	133895472	rs329648	MIR4697	T
chr11	133917106	133917106	rs3802920	IGSF9B	T
chr12	32089513	32089513	rs77669894	BICD1	A
chr12	32657825	32657825	rs181609621	FGD4	A
chr12	32826971	32826971	rs148163066	NA	A
chr12	33075690	33075690	rs138895122	PKP2	T
chr12	33148871	33148871	rs144847051	PKP2	NA
chr12	33974571	33974571	rs4421827	NA	A
chr12	40006146	40006146	rs28370650	NA	A
chr12	40019503	40019503	rs28370664	SLC2A13	A
chr12	40034759	40034759	rs1994090	LRRK2	NA
chr12	40064582	40064582	rs1384236	LRRK2	C
chr12	40141971	40141971	rs17442721	NA	C
chr12	40220632	40220632	rs76904798	LRRK2	T
chr12	40227006	40227006	rs1491942	LRRK2	G
chr12	40250950	40250950	rs17443414	NA	A
chr12	40252984	40252984	rs34594498	NA	T
chr12	40259708	40259708	rs28903073	LRRK2	NA
chr12	40340400	40340400	rs34637584	LRRK2	A
chr12	40363526	40363526	rs34778348	NA	A
chr12	40379882	40379882	rs190807041	NA	G
chr12	40528770	40528770	rs117073808	LRRK2	T
chr12	40542837	40542837	rs141128804	CNTN1	T
chr12	40583994	40583994	rs11177328	NA	A
chr12	40861076	40861076	rs73273590	NA	A
chr12	40971838	40971838	rs1442190	NA	A
chr12	41901977	41901977	rs138017112	GXYLT1	C
chr12	42141601	42141601	rs144755950	GXYLT1	T
chr12	42655580	42655580	rs148294058	PRICKLE1	NA
chr12	46025303	46025303	rs7134559	SCAF11	T
chr12	122638867	122638867	rs34773022	NA	A
chr12	122807956	122807956	rs11060112	CCDC62	A
chr12	122811747	122811747	rs12817488	CCDC62	T
chr12	122819039	122819039	rs11060180	CCDC62	A
chr12	123086549	123086549	rs78299420	NA	T
chr12	123427666	123427666	rs28659953	NA	T
chr12	132487182	132487182	rs11610045	FBRSL1	A
chr13	49353596	49353596	rs9568188	CAB39L	T
chr13	49721979	49721979	rs1127021	NA	T
chr13	97212767	97212767	rs4771268	MBNL2	T
chr13	109810821	109810821	rs1078514	NA	T
chr13	110677242	110677242	rs74125032	CARS2	T
chr14	37520065	37520065	rs12147950	MIPOL1	T
chr14	37539010	37539010	rs1956438	NA	A
chr14	54882151	54882151	rs11158026	GCH1	C
chr14	54986588	54986588	rs8018800	NA	A
chr14	55724695	55724695	rs8012377	NA	T
chr14	67517653	67517653	rs1555399	TMEM229B	T
chr14	74906331	74906331	rs3742785	RPS6KL1	A
chr14	87997920	87997920	rs979812	GALC	T
chr14	88006268	88006268	rs8005172	GPR65	T
chr14	88021226	88021226	rs1561758	NA	C
chr15	23923803	23923803	rs9783733	NDN	NA
chr15	50495212	50495212	rs28648524	NA	A
chr15	61701935	61701935	rs2414739	VPS13C	A
chr15	61705186	61705186	rs2251086	VPS13C	T
chr15	61712597	61712597	rs3889108	RP11-162I7	T
chr15	63054177	63054177	rs117267308	TPM1	A
chr16	19266171	19266171	rs6497339	SYT17	A
chr16	19268142	19268142	rs11343	COQ7	T
chr16	28933075	28933075	rs2904880	CD19	C
chr16	30959620	30959620	rs1870293	NA	T
chr16	30966478	30966478	rs11150601	SETD1A	A
chr16	31010559	31010559	rs140820592	STX1B	T
chr16	31110472	31110472	rs14235	BCKDK	A
chr16	50702745	50702745	rs6500328	NOD2	A
chr16	50710008	50710008	rs34133110	NA	T
chr16	52565276	52565276	rs4784227	TOX3	T
chr16	52597550	52597550	rs3104776	NA	A
chr16	52602330	52602330	rs3104783	CASC16	A
chr16	52922415	52922415	rs113487377	NA	A
chr16	52935514	52935514	rs10221156	CHD9	A
chr17	3702823	3702823	rs117672332	HASPIN	T
chr17	3724162	3724162	rs11653889	HASPIN	A
chr17	7452302	7452302	rs12600861	CHRNB1	A
chr17	42588995	42588995	rs12951632	RETREG3	T
chr17	44216969	44216969	rs2269906	UBTF	A
chr17	44357262	44357262	rs850738	FAM171A2	A
chr17	44376902	44376902	rs850731	NA	T
chr17	45196625	45196625	rs62066707	NA	A
chr17	45339907	45339907	rs17686238	MAP3K14	T
chr17	45395141	45395141	rs8327	NA	A
chr17	45628235	45628235	rs365825	CRHR1	NA
chr17	45637484	45637484	rs2942168	MAPT	G
chr17	45641777	45641777	rs393152	MAPT	A
chr17	45666837	45666837	rs62053943	CRHR1	T
chr17	45706862	45706862	rs9912362	CRHR1	T
chr17	45720942	45720942	rs117615688	CRHR1	A
chr17	45771129	45771129	rs7225082	NA	T
chr17	45846317	45846317	rs12185268	MAPT	A
chr17	45855941	45855941	rs7221167	MAPT	C
chr17	45917282	45917282	rs17649553	MAPT	C
chr17	45987897	45987897	rs713522	NA	T
chr17	46003698	46003698	rs8070723	MAPT	NA
chr17	46049399	46049399	rs113434679	KANSL1	A
chr17	46101729	46101729	rs113564729	KANSL1	A
chr17	46110126	46110126	rs17577094	MAPT	NA
chr17	46111701	46111701	rs7225002	KANSL1	A
chr17	46115202	46115202	rs4630591	NA	T
chr17	46723580	46723580	rs199453	NSF	T
chr17	46751565	46751565	rs199533	NSF	C
chr17	46779275	46779275	rs199515	WNT3	NA
chr17	46785247	46785247	rs199501	WNT3	A
chr17	46789439	46789439	rs11658976	WNT3	A
chr17	60061921	60061921	rs61204179	NA	T
chr17	61840005	61840005	rs61169879	BRIP1	T
chr17	62048221	62048221	rs148528915	NA	T
chr17	62120839	62120839	rs148534175	POLRMTP1	T
chr17	78429399	78429399	rs666463	DNAH17	A
chr17	82087210	82087210	rs4485435	NA	C
chr18	33724354	33724354	rs1941685	ASXL3	T
chr18	33779450	33779450	rs8091977	NA	T
chr18	43092999	43092999	rs4588066	NA	A
chr18	43093415	43093415	rs12456492	RIT2	A
chr18	43360967	43360967	rs75344947	NA	T
chr19	2341049	2341049	rs55818311	SPPL2B	T
chr19	44888997	44888997	rs6857	NA	T
chr19	44908684	44908684	rs429358	APOE	C
chr20	3184040	3184040	rs2295545	DDRGK1	T
chr20	3186025	3186025	rs4815573	NA	T
chr20	3187520	3187520	rs8118008	DDRGK1	A
chr20	6025395	6025395	rs77351827	CRLS1	T
chr21	15440233	15440233	rs1736020	NA	A
chr21	37480059	37480059	rs2248244	DYRK1A	A
chrX	13874463	13874463	rs7066890	NA	T
chrX	154405192	154405192	rs28602900	NA	A
chr6	32588205	32588205	rsUnassigned	HLA-DRB5	A
